"Kueri Asal";"Kueri Refactored";"Pola Properti Awal";"Pola Properti Baru";"Persentase Pengurangan";"Jumlah Hasil";"DBHits";"Running Time"
"MATCH (n2:soundtrack)-[:ACTED_IN]->(n1:thriller), (n2:actress)-[:ACTED_IN]->(n3:comedy) WHERE (n2.name=""Molly Ringwald"") RETURN count(n1)";"MATCH (n2:soundtrack)-[:ACTED_IN]->(n1:thriller), (n2:actress)-[:ACTED_IN]->(n3:comedy) WHERE (n2.name=""Molly Ringwald"") RETURN count(n1)";"A";"A";"0%";"336";"2535";"105.3"
"MATCH (n3:actress)-[:ACTED_IN]->(n1:drama), (n3:actress)-[:ACTED_IN]->(n2:thriller) WHERE (n3.name=""Marijam Agischewa"") RETURN count(n1)";"MATCH (n3:actress)-[:ACTED_IN]->(n1:drama), (n3:actress)-[:ACTED_IN]->(n2:thriller) WHERE (n3.name=""Marijam Agischewa"") RETURN count(n1)";"A";"A";"0%";"1540";"6316";"62.7"
"MATCH (n4:actor)-[:ACTED_IN]->(n2:documentary), (n4:soundtrack)-[:ACTED_IN]->(n3:music), (n4:soundtrack)-[:ACTED_IN]->(n1:comedy) WHERE (n4.name=""Christopher Guest"") RETURN count(n1)";"MATCH (n4:actor)-[:ACTED_IN]->(n2:documentary), (n4:soundtrack)-[:ACTED_IN]->(n3:music), (n4:soundtrack)-[:ACTED_IN]->(n1:comedy) WHERE (n4.name=""Christopher Guest"") RETURN count(n1)";"A";"A";"0%";"38180";"307545";"205.6"
"MATCH (n1:producer)-[:ACTED_IN]->(n2:news), (n1:actor)-[:ACTED_IN]->(n3:documentary) WHERE (n3.year=1997) RETURN count(n1)";"MATCH (n1:producer)-[:ACTED_IN]->(n2:news), (n1:actor)-[:ACTED_IN]->(n3:documentary:year_1997) RETURN count(n1)";"A";"-";"100%";"36015";"1478656";"1063.4"
"MATCH (n3:actor)-[:ACTED_IN]->(n1:drama), (n3:actor)-[:ACTED_IN]->(n2:drama) WHERE (n2.year=1999) RETURN count(n1)";"MATCH (n3:actor)-[:ACTED_IN]->(n1:drama), (n3:actor)-[:ACTED_IN]->(n2:drama:year_1999) RETURN count(n1)";"A";"-";"100%";"29954847";"105227094";"25576.6"
"MATCH (n3:actress)-[:ACTED_IN]->(n2:thriller), (n3:actress)-[:ACTED_IN]->(n1:animation) WHERE (n1.year=1973) RETURN count(n1)";"MATCH (n3:actress)-[:ACTED_IN]->(n2:thriller), (n3:actress)-[:ACTED_IN]->(n1:animation:year_1973) RETURN count(n1)";"A";"-";"100%";"169";"771352";"334.4"
"MATCH (n3:actor)-[:ACTED_IN]->(n2:drama), (n3:actor)-[:DIRECTED]->(n1:adventure) WHERE (n1.year=2008) RETURN count(n1)";"MATCH (n3:actor)-[:ACTED_IN]->(n2:drama), (n3:actor)-[:DIRECTED]->(n1:adventure:year_2008) RETURN count(n1)";"A";"-";"100%";"4761";"168485";"138.0"
"MATCH (n3:director)-[:DIRECTED]->(n1:comedy), (n3:producer)-[:ACTED_IN]->(n2:western) WHERE (n2.year=1915) RETURN count(n1)";"MATCH (n3:director)-[:DIRECTED]->(n1:comedy), (n3:producer)-[:ACTED_IN]->(n2:western:year_1915) RETURN count(n1)";"A";"-";"100%";"5033";"28412";"57.2"
"MATCH (n3:writer)-[:ACTED_IN]->(n1:fantasy), (n3:director)-[:ACTED_IN]->(n2:drama) WHERE (n1.year=2006) RETURN count(n1)";"MATCH (n3:writer)-[:ACTED_IN]->(n1:fantasy:year_2006), (n3:director)-[:ACTED_IN]->(n2:drama) RETURN count(n1)";"A";"-";"100%";"16820";"316832";"228.3"
"MATCH (n2:actor)-[:COMPOSED]->(n3:drama), (n2:composer)-[:COMPOSED]->(n1:romance) WHERE (n1.year=2004) RETURN count(n1)";"MATCH (n2:actor)-[:COMPOSED]->(n3:drama), (n2:composer)-[:COMPOSED]->(n1:romance:year_2004) RETURN count(n1)";"A";"-";"100%";"298968";"1068232";"402.4"
"MATCH (n3:producer)-[:ACTED_IN]->(n2:fantasy), (n3:actor)-[:ACTED_IN]->(n1:romance), (n3:writer)-[:ACTED_IN]->(n4:drama) WHERE (n4.year=1985) RETURN count(n1)";"MATCH (n3:producer)-[:ACTED_IN]->(n2:fantasy), (n3:actor)-[:ACTED_IN]->(n1:romance), (n3:writer)-[:ACTED_IN]->(n4:drama:year_1985) RETURN count(n1)";"A";"-";"100%";"228372016";"784576359";"182200.6"
"MATCH (n4:director)-[:ACTED_IN]->(n3:talk_show), (n4:producer)-[:DIRECTED]->(n2:comedy), (n4:producer)-[:DIRECTED]->(n1:drama) WHERE (n2.year=0) RETURN count(n1)";"MATCH (n4:director)-[:ACTED_IN]->(n3:talk_show), (n4:producer)-[:DIRECTED]->(n2:comedy:year_0), (n4:producer)-[:DIRECTED]->(n1:drama) RETURN count(n1)";"A";"-";"100%";"1179321";"102236112";"28193.3"
"MATCH (n1:writer)-[:PRODUCED]->(n4:documentary), (n1:writer)-[:PRODUCED]->(n2:comedy), (n1:producer)-[:PRODUCED]->(n3:sci_fi) WHERE (n3.year=2001) RETURN count(n1)";"MATCH (n1:writer)-[:PRODUCED]->(n4:documentary), (n1:writer)-[:PRODUCED]->(n2:comedy), (n1:producer)-[:PRODUCED]->(n3:sci_fi:year_2001) RETURN count(n1)";"A";"-";"100%";"884";"66739";"100.4"
"MATCH (n2:composer)-[:COMPOSED]->(n1:documentary), (n2:soundtrack)-[:COMPOSED]->(n3:drama), (n2:composer)-[:COMPOSED]->(n4:documentary) WHERE (n1.year=1965) RETURN count(n1)";"MATCH (n2:composer)-[:COMPOSED]->(n1:documentary:year_1965), (n2:soundtrack)-[:COMPOSED]->(n3:drama), (n2:composer)-[:COMPOSED]->(n4:documentary) RETURN count(n1)";"A";"-";"100%";"179184";"1402070";"456.4"
"MATCH (n1:music_department)-[:COMPOSED]->(n3:action), (n1:music_department)-[:COMPOSED]->(n2:action), (n1:music_department)-[:COMPOSED]->(n4:crime) WHERE (n2.year=1977) RETURN count(n1)";"MATCH (n1:music_department)-[:COMPOSED]->(n3:action), (n1:music_department)-[:COMPOSED]->(n2:action:year_1977), (n1:music_department)-[:COMPOSED]->(n4:crime) RETURN count(n1)";"A";"-";"100%";"4867524";"53914162";"10774.5"
"MATCH (n2:actor)-[:ACTED_IN]->(n1:thriller), (n2:actor)-[:ACTED_IN]->(n3:drama) WHERE (n1.category=""tvMovie"") RETURN count(n1)";"MATCH (n2:actor)-[:ACTED_IN]->(n1:thriller:tvMovie), (n2:actor)-[:ACTED_IN]->(n3:drama) RETURN count(n1)";"A";"-";"100%";"557670";"3449571";"2950.9"
"MATCH (n4:composer)-[:COMPOSED]->(n3:mystery), (n4:composer)-[:COMPOSED]->(n2:comedy), (n4:music_department)-[:COMPOSED]->(n1:drama) WHERE (n3.category=""movie"") RETURN count(n1)";"MATCH (n4:composer)-[:COMPOSED]->(n3:mystery:movie), (n4:composer)-[:COMPOSED]->(n2:comedy), (n4:music_department)-[:COMPOSED]->(n1:drama) RETURN count(n1)";"A";"-";"100%";"TIMEOUT";"TIMEOUT";"TIMEOUT"
"MATCH (n3:actress)-[:ACTED_IN]->(n1:comedy), (n3:producer)-[:ACTED_IN]->(n4:thriller), (n3:soundtrack)-[:ACTED_IN]->(n2:fantasy) WHERE (n2.category=""movie"") RETURN count(n1)";"MATCH (n3:actress)-[:ACTED_IN]->(n1:comedy), (n3:producer)-[:ACTED_IN]->(n4:thriller), (n3:soundtrack)-[:ACTED_IN]->(n2:fantasy:movie) RETURN count(n1)";"A";"-";"100%";"537335";"10962750";"2598.9"
"MATCH (n2:actress)-[:ACTED_IN]->(n4:animation), (n2:actress)-[:ACTED_IN]->(n1:animation), (n2:actress)-[:ACTED_IN]->(n3:sci_fi) WHERE (n2.birth=1952) RETURN count(n1)";"MATCH (n2:actress:birth_1952)-[:ACTED_IN]->(n4:animation), (n2:actress:birth_1952)-[:ACTED_IN]->(n1:animation), (n2:actress:birth_1952)-[:ACTED_IN]->(n3:sci_fi) RETURN count(n1)";"A";"-";"100%";"5478924";"17084581";"2769.6"
"MATCH (n1:producer)-[:ACTED_IN]->(n4:documentary), (n1:writer)-[:ACTED_IN]->(n2:music), (n1:producer)-[:ACTED_IN]->(n3:documentary) WHERE (n1.death=0) RETURN count(n1)";"MATCH (n1:producer:death_0)-[:ACTED_IN]->(n4:documentary), (n1:writer:death_0)-[:ACTED_IN]->(n2:music), (n1:producer:death_0)-[:ACTED_IN]->(n3:documentary) RETURN count(n1)";"A";"-";"100%";"TIMEOUT";"TIMEOUT";"TIMEOUT"
"MATCH (n2:actor)-[:ACTED_IN]->(n3:drama), (n2:actor)-[:ACTED_IN]->(n1:game_show) WHERE (n2.death=2009 AND n2.birth=1923) RETURN count(n1)";"MATCH (n2:actor:death_2009:birth_1923)-[:ACTED_IN]->(n3:drama), (n2:actor:death_2009:birth_1923)-[:ACTED_IN]->(n1:game_show) RETURN count(n1)";"A AND B";"-";"100%";"2107";"5314889";"1146.9"
"MATCH (n1:actress)-[:ACTED_IN]->(n3:drama), (n1:actress)-[:ACTED_IN]->(n2:drama) WHERE (n1.birth=1957 AND n2.year=1987) RETURN count(n1)";"MATCH (n1:actress:birth_1957)-[:ACTED_IN]->(n3:drama), (n1:actress:birth_1957)-[:ACTED_IN]->(n2:drama:year_1987) RETURN count(n1)";"A AND B";"-";"100%";"415249";"1501073";"498.6"
"MATCH (n4:music_department)-[:COMPOSED]->(n2:documentary), (n4:soundtrack)-[:COMPOSED]->(n1:documentary), (n4:soundtrack)-[:COMPOSED]->(n3:sport) WHERE (n3.year=1950 AND n4.birth=1911) RETURN count(n1)";"MATCH (n4:music_department:birth_1911)-[:COMPOSED]->(n2:documentary), (n4:soundtrack:birth_1911)-[:COMPOSED]->(n1:documentary), (n4:soundtrack:birth_1911)-[:COMPOSED]->(n3:sport:year_1950) RETURN count(n1)";"A AND B";"-";"100%";"11470";"318915";"167.0"
"MATCH (n3:producer)-[:DIRECTED]->(n1:animation), (n3:director)-[:DIRECTED]->(n2:animation) WHERE (n2.category=""short"" AND n3.birth=1905) RETURN count(n1)";"MATCH (n3:producer:birth_1905)-[:DIRECTED]->(n1:animation), (n3:director:birth_1905)-[:DIRECTED]->(n2:animation:short) RETURN count(n1)";"A AND B";"-";"100%";"551";"10036";"40.0"
"MATCH (n1:producer)-[:ACTED_IN]->(n4:adult), (n1:director)-[:PRODUCED]->(n3:adult), (n1:actor)-[:ACTED_IN]->(n2:adult) WHERE (n3.category=""video"" AND n2.category=""video"") RETURN count(n1)";"MATCH (n1:producer)-[:ACTED_IN]->(n4:adult), (n1:director)-[:PRODUCED]->(n3:adult:video), (n1:actor)-[:ACTED_IN]->(n2:adult:video) RETURN count(n1)";"A AND B";"-";"100%";"91844700";"279420394";"155752.3"
"MATCH (n1:actress)-[:PRODUCED]->(n3:romance), (n1:soundtrack)-[:ACTED_IN]->(n4:thriller), (n1:soundtrack)-[:ACTED_IN]->(n2:drama) WHERE (n4.category=""tvMovie"" AND n2.category=""movie"") RETURN count(n1)";"MATCH (n1:actress)-[:PRODUCED]->(n3:romance), (n1:soundtrack)-[:ACTED_IN]->(n4:thriller:tvMovie), (n1:soundtrack)-[:ACTED_IN]->(n2:drama:movie) RETURN count(n1)";"A AND B";"-";"100%";"131";"168235";"183.1"
"MATCH (n2:director)-[:ACTED_IN]->(n1:adventure), (n2:director)-[:ACTED_IN]->(n3:romance) WHERE (n2.death=1972 AND n3.category=""movie"") RETURN count(n1)";"MATCH (n2:director:death_1972)-[:ACTED_IN]->(n1:adventure), (n2:director:death_1972)-[:ACTED_IN]->(n3:romance:movie) RETURN count(n1)";"A AND B";"-";"100%";"2717";"32086";"25.4"
"MATCH (n3:music_department)-[:COMPOSED]->(n1:romance), (n3:music_department)-[:COMPOSED]->(n2:documentary) WHERE (n1.category=""movie"" AND n3.death=2005) RETURN count(n1)";"MATCH (n3:music_department:death_2005)-[:COMPOSED]->(n1:romance:movie), (n3:music_department:death_2005)-[:COMPOSED]->(n2:documentary) RETURN count(n1)";"A AND B";"-";"100%";"84";"18733";"27.1"
"MATCH (n2:actor)-[:ACTED_IN]->(n1:sport), (n2:actor)-[:ACTED_IN]->(n3:sport), (n2:stunts)-[:ACTED_IN]->(n4:sport) WHERE (n4.category=""tvSpecial"" AND n2.name=""Sam Anoai"") RETURN count(n1)";"MATCH (n2:actor)-[:ACTED_IN]->(n1:sport), (n2:actor)-[:ACTED_IN]->(n3:sport), (n2:stunts)-[:ACTED_IN]->(n4:sport:tvSpecial) WHERE (n2.name=""Sam Anoai"") RETURN count(n1)";"A AND B";"A";"50%";"22780";"1027384";"126.9"
"MATCH (n2:composer)-[:ACTED_IN]->(n4:music), (n2:soundtrack)-[:ACTED_IN]->(n3:documentary), (n2:composer)-[:ACTED_IN]->(n1:music) WHERE (n1.category=""video"" AND n2.name=""Bob Geldof"") RETURN count(n1)";"MATCH (n2:composer)-[:ACTED_IN]->(n4:music), (n2:soundtrack)-[:ACTED_IN]->(n3:documentary), (n2:composer)-[:ACTED_IN]->(n1:music:video) WHERE (n2.name=""Bob Geldof"") RETURN count(n1)";"A AND B";"A";"50%";"27956";"220130";"51.4"
"MATCH (n1:actor)-[:ACTED_IN]->(n2:documentary), (n1:actor)-[:ACTED_IN]->(n3:adventure) WHERE (n3.category=""movie"" AND n2.year=2007) RETURN count(n1)";"MATCH (n1:actor)-[:ACTED_IN]->(n2:documentary:year_2007), (n1:actor)-[:ACTED_IN]->(n3:adventure:movie) RETURN count(n1)";"A AND B";"-";"100%";"9277";"8747917";"3499.5"
"MATCH (n1:actor)-[:ACTED_IN]->(n3:comedy), (n1:actor)-[:ACTED_IN]->(n2:comedy) WHERE (n3.category=""tvSeries"" AND n3.year=1957) RETURN count(n1)";"MATCH (n1:actor)-[:ACTED_IN]->(n3:comedy:tvSeries:year_1957), (n1:actor)-[:ACTED_IN]->(n2:comedy) RETURN count(n1)";"A AND B";"-";"100%";"36038";"216064";"102.2"
"MATCH (n2:director)-[:ACTED_IN]->(n3:drama), (n2:actor)-[:ACTED_IN]->(n1:war) WHERE (n1.category=""tvMovie"" AND n3.year=1990) RETURN count(n1)";"MATCH (n2:director)-[:ACTED_IN]->(n3:drama:year_1990), (n2:actor)-[:ACTED_IN]->(n1:war:tvMovie) RETURN count(n1)";"A AND B";"-";"100%";"481";"186580";"99.3"
"MATCH (n2:actor)-[:ACTED_IN]->(n1:documentary), (n3:writer)-[:ACTED_IN]->(n1:documentary), (n3:actor)-[:ACTED_IN]->(n4:comedy) WHERE (n4.year=2007 AND n4.category=""tvSpecial"") RETURN count(n1)";"MATCH (n2:actor)-[:ACTED_IN]->(n1:documentary), (n3:writer)-[:ACTED_IN]->(n1:documentary), (n3:actor)-[:ACTED_IN]->(n4:comedy:year_2007:tvSpecial) RETURN count(n1)";"A AND B";"-";"100%";"5491";"196453";"123.8"
"MATCH (n3:writer)-[:ACTED_IN]->(n4:adventure), (n3:writer)-[:ACTED_IN]->(n2:talk_show), (n3:actor)-[:ACTED_IN]->(n1:documentary) WHERE (n1.year=2016 AND n2.category=""tvSeries"") RETURN count(n1)";"MATCH (n3:writer)-[:ACTED_IN]->(n4:adventure), (n3:writer)-[:ACTED_IN]->(n2:talk_show:tvSeries), (n3:actor)-[:ACTED_IN]->(n1:documentary:year_2016) RETURN count(n1)";"A AND B";"-";"100%";"54953";"19866800";"6022.2"
"MATCH (n2:cinematographer)-[:CINEMATOGRAPHER_OF]->(n1:news), (n2:producer)-[:CINEMATOGRAPHER_OF]->(n3:documentary) WHERE (n2.death=1933 AND n3.year=1899) RETURN count(n1)";"MATCH (n2:cinematographer:death_1933)-[:CINEMATOGRAPHER_OF]->(n1:news), (n2:producer:death_1933)-[:CINEMATOGRAPHER_OF]->(n3:documentary:year_1899) RETURN count(n1)";"A AND B";"-";"100%";"2848";"54580";"23.0"
"MATCH (n3:producer)-[:PRODUCED]->(n2:sport), (n3:writer)-[:PRODUCED]->(n4:drama), (n3:producer)-[:WROTE]->(n1:drama) WHERE (n4.year=2008 AND n3.death=0) RETURN count(n1)";"MATCH (n3:producer:death_0)-[:PRODUCED]->(n2:sport), (n3:writer:death_0)-[:PRODUCED]->(n4:drama:year_2008), (n3:producer:death_0)-[:WROTE]->(n1:drama) RETURN count(n1)";"A AND B";"-";"100%";"655155";"45690025";"4338.5"
"MATCH (n3:writer)-[:ACTED_IN]->(n1:documentary), (n3:actor)-[:ACTED_IN]->(n4:documentary), (n3:producer)-[:ACTED_IN]->(n2:thriller) WHERE (n3.death=0 AND n4.year=2004) RETURN count(n1)";"MATCH (n3:writer:death_0)-[:ACTED_IN]->(n1:documentary), (n3:actor:death_0)-[:ACTED_IN]->(n4:documentary:year_2004), (n3:producer:death_0)-[:ACTED_IN]->(n2:thriller) RETURN count(n1)";"A AND B";"-";"100%";"127171";"4357163";"736.6"
"MATCH (n3:producer)-[:ARCHIVE_FOOTAGE_MAKER_OF]->(n2:documentary), (n3:director)-[:ARCHIVE_FOOTAGE_MAKER_OF]->(n1:documentary) WHERE (n3.name=""Bernardo Bertolucci"" AND n2.year=2011) RETURN count(n1)";"MATCH (n3:producer)-[:ARCHIVE_FOOTAGE_MAKER_OF]->(n2:documentary:year_2011), (n3:director)-[:ARCHIVE_FOOTAGE_MAKER_OF]->(n1:documentary) WHERE (n3.name=""Bernardo Bertolucci"") RETURN count(n1)";"A AND B";"A";"50%";"6";"50";"11.8"
"MATCH (n3:actor)-[:ACTED_IN]->(n2:crime), (n3:director)-[:DIRECTED]->(n1:drama), (n3:actor)-[:ACTED_IN]->(n4:talk_show) WHERE (n4.year=2009 AND n3.name=""John Sayles"") RETURN count(n1)";"MATCH (n3:actor)-[:ACTED_IN]->(n2:crime), (n3:director)-[:DIRECTED]->(n1:drama), (n3:actor)-[:ACTED_IN]->(n4:talk_show:year_2009) WHERE (n3.name=""John Sayles"") RETURN count(n1)";"A AND B";"A";"50%";"18";"4280";"16.6"
"MATCH (n3:music_department)-[:COMPOSED]->(n2:documentary), (n3:music_department)-[:COMPOSED]->(n1:documentary) WHERE (n3.name=""Philip Glass"" AND n3.birth=1937 AND n1.category=""video"") RETURN count(n1)";"MATCH (n3:music_department:birth_1937)-[:COMPOSED]->(n2:documentary), (n3:music_department:birth_1937)-[:COMPOSED]->(n1:documentary:video) WHERE (n3.name=""Philip Glass"") RETURN count(n1)";"A AND B AND C";"A";"67%";"603";"4044";"13.4"
"MATCH (n2:director)-[:ACTED_IN]->(n3:comedy), (n2:actor)-[:WROTE]->(n1:comedy) WHERE (n1.category=""movie"" AND n2.name=""John McDermott"" AND n2.birth=1893) RETURN count(n1)";"MATCH (n2:director:birth_1893)-[:ACTED_IN]->(n3:comedy), (n2:actor:birth_1893)-[:WROTE]->(n1:comedy:movie) WHERE (n2.name=""John McDermott"") RETURN count(n1)";"A AND B AND C";"A";"67%";"465";"1636";"14.8"
"MATCH (n3:script_department)-[:EDITED]->(n1:drama), (n3:miscellaneous)-[:EDITED]->(n4:drama), (n3:editor)-[:EDITED]->(n2:comedy) WHERE (n2.category=""movie"" AND n3.birth=0 AND n3.name=""Jorge Busto"") RETURN count(n1)";"MATCH (n3:script_department:birth_0)-[:EDITED]->(n1:drama), (n3:miscellaneous:birth_0)-[:EDITED]->(n4:drama), (n3:editor:birth_0)-[:EDITED]->(n2:comedy:movie) WHERE (n3.name=""Jorge Busto"") RETURN count(n1)";"A AND B AND C";"A";"67%";"2057928";"26939306";"2168.3"
"MATCH (n4:camera_department)-[:CINEMATOGRAPHER_OF]->(n1:family), (n4:director)-[:CINEMATOGRAPHER_OF]->(n2:comedy), (n4:camera_department)-[:CINEMATOGRAPHER_OF]->(n3:war) WHERE (n4.birth=0 AND n4.name=""Guy Gonçalves"" AND n3.year=1997) RETURN count(n1)";"MATCH (n4:camera_department:birth_0)-[:CINEMATOGRAPHER_OF]->(n1:family), (n4:director:birth_0)-[:CINEMATOGRAPHER_OF]->(n2:comedy), (n4:camera_department:birth_0)-[:CINEMATOGRAPHER_OF]->(n3:war:year_1997) WHERE (n4.name=""Guy Gonçalves"") RETURN count(n1)";"A AND B AND C";"A";"67%";"3";"440";"16.4"
"MATCH (n1:actress)-[:ARCHIVE_FOOTAGE_MAKER_OF]->(n2:adult), (n1:miscellaneous)-[:ACTED_IN]->(n3:adult), (n1:actress)-[:ACTED_IN]->(n4:adult) WHERE (n1.birth=1966 AND n1.name=""Christy Canyon"" AND n4.year=1995) RETURN count(n1)";"MATCH (n1:actress:birth_1966)-[:ARCHIVE_FOOTAGE_MAKER_OF]->(n2:adult), (n1:miscellaneous:birth_1966)-[:ACTED_IN]->(n3:adult), (n1:actress:birth_1966)-[:ACTED_IN]->(n4:adult:year_1995) WHERE (n1.name=""Christy Canyon"") RETURN count(n1)";"A AND B AND C";"A";"67%";"95910";"359826";"71.0"
"MATCH (n3:soundtrack)-[:ACTED_IN]->(n2:drama), (n3:soundtrack)-[:ACTED_IN]->(n1:comedy) WHERE (n1.category=""movie"" AND n3.death=1976 AND n2.category=""movie"") RETURN count(n1)";"MATCH (n3:soundtrack:death_1976)-[:ACTED_IN]->(n2:drama:movie), (n3:soundtrack:death_1976)-[:ACTED_IN]->(n1:comedy:movie) RETURN count(n1)";"A AND B AND C";"-";"100%";"7306";"154693";"43.5"
"MATCH (n2:soundtrack)-[:ACTED_IN]->(n3:documentary), (n2:producer)-[:ACTED_IN]->(n1:drama) WHERE (n3.category=""video"" AND n1.category=""movie"" AND n2.name=""Kevin Costner"") RETURN count(n1)";"MATCH (n2:soundtrack)-[:ACTED_IN]->(n3:documentary:video), (n2:producer)-[:ACTED_IN]->(n1:drama:movie) WHERE (n2.name=""Kevin Costner"") RETURN count(n1)";"A AND B AND C";"A";"67%";"858";"25055";"26.0"
"MATCH (n2:visual_effects)-[:ACTED_IN]->(n1:comedy), (n2:visual_effects)-[:ACTED_IN]->(n3:thriller), (n2:actor)-[:ACTED_IN]->(n4:comedy) WHERE (n3.category=""short"" AND n2.name=""Steven Allen"" AND n1.category=""short"") RETURN count(n1)";"MATCH (n2:visual_effects)-[:ACTED_IN]->(n1:comedy:short), (n2:visual_effects)-[:ACTED_IN]->(n3:thriller:short), (n2:actor)-[:ACTED_IN]->(n4:comedy) WHERE (n2.name=""Steven Allen"") RETURN count(n1)";"A AND B AND C";"A";"67%";"42";"285";"20.8"
"MATCH (n3:cinematographer)-[:CINEMATOGRAPHER_OF]->(n1:drama), (n3:cinematographer)-[:CINEMATOGRAPHER_OF]->(n4:thriller), (n3:camera_department)-[:CINEMATOGRAPHER_OF]->(n2:crime) WHERE (n1.category=""movie"" AND n3.name=""Ellsworth Fredericks"" AND n4.category=""movie"") RETURN count(n1)";"MATCH (n3:cinematographer)-[:CINEMATOGRAPHER_OF]->(n1:drama:movie), (n3:cinematographer)-[:CINEMATOGRAPHER_OF]->(n4:thriller:movie), (n3:camera_department)-[:CINEMATOGRAPHER_OF]->(n2:crime) WHERE (n3.name=""Ellsworth Fredericks"") RETURN count(n1)";"A AND B AND C";"A";"67%";"474";"25333";"27.4"
"MATCH (n3:producer)-[:EDITED]->(n1:documentary), (n3:editor)-[:EDITED]->(n2:documentary) WHERE (n1.category=""movie"" AND n1.year=2010 AND n2.category=""video"") RETURN count(n1)";"MATCH (n3:producer)-[:EDITED]->(n1:documentary:movie:year_2010), (n3:editor)-[:EDITED]->(n2:documentary:video) RETURN count(n1)";"A AND B AND C";"-";"100%";"169";"224537";"82.2"
"MATCH (n1:actor)-[:ACTED_IN]->(n2:drama), (n1:actor)-[:ACTED_IN]->(n3:news) WHERE (n3.category=""video"" AND n2.category=""movie"" AND n2.year=1974) RETURN count(n1)";"MATCH (n1:actor)-[:ACTED_IN]->(n2:drama:movie:year_1974), (n1:actor)-[:ACTED_IN]->(n3:news:video) RETURN count(n1)";"A AND B AND C";"-";"100%";"11";"1107785";"269.3"
"MATCH (n1:actress)-[:ACTED_IN]->(n3:comedy), (n1:actress)-[:ACTED_IN]->(n2:comedy), (n1:actress)-[:ACTED_IN]->(n4:comedy) WHERE (n3.year=1976 AND n2.category=""movie"" AND n3.category=""movie"") RETURN count(n1)";"MATCH (n1:actress)-[:ACTED_IN]->(n3:comedy:year_1976:movie), (n1:actress)-[:ACTED_IN]->(n2:comedy:movie), (n1:actress)-[:ACTED_IN]->(n4:comedy) RETURN count(n1)";"A AND B AND C";"-";"100%";"596043";"4538852";"542.7"
"MATCH (n3:producer)-[:ACTED_IN]->(n1:drama), (n3:director)-[:ACTED_IN]->(n2:drama) WHERE (n3.death=0 AND n1.category=""movie"" AND n2.year=1988) RETURN count(n1)";"MATCH (n3:producer:death_0)-[:ACTED_IN]->(n1:drama:movie), (n3:director:death_0)-[:ACTED_IN]->(n2:drama:year_1988) RETURN count(n1)";"A AND B AND C";"-";"100%";"22066";"6359181";"700.2"
"MATCH (n1:actress)-[:ACTED_IN]->(n3:drama), (n1:actress)-[:ACTED_IN]->(n2:mystery) WHERE (n3.year=2010 AND n1.death=0 AND n2.category=""movie"") RETURN count(n1)";"MATCH (n1:actress:death_0)-[:ACTED_IN]->(n3:drama:year_2010), (n1:actress:death_0)-[:ACTED_IN]->(n2:mystery:movie) RETURN count(n1)";"A AND B AND C";"-";"100%";"19918";"3994870";"2618.0"
"MATCH (n3:actor)-[:DIRECTED]->(n2:drama), (n3:actor)-[:DIRECTED]->(n1:drama) WHERE (n2.year=1973 AND n3.name=""Hasan El-Emam"" AND n2.category=""movie"") RETURN count(n1)";"MATCH (n3:actor)-[:DIRECTED]->(n2:drama:year_1973:movie), (n3:actor)-[:DIRECTED]->(n1:drama) WHERE (n3.name=""Hasan El-Emam"") RETURN count(n1)";"A AND B AND C";"A";"67%";"82";"420";"10.4"
"MATCH (n1:actress)-[:ACTED_IN]->(n2:drama), (n1:actress)-[:ACTED_IN]->(n3:drama) WHERE (n3.category=""tvMovie"" AND n3.year=1962 AND n2.year=1958) RETURN count(n1)";"MATCH (n1:actress)-[:ACTED_IN]->(n2:drama:year_1958), (n1:actress)-[:ACTED_IN]->(n3:drama:tvMovie:year_1962) RETURN count(n1)";"A AND B AND C";"-";"100%";"377";"140873";"67.4"
"MATCH (n4:actor)-[:ACTED_IN]->(n2:drama), (n4:soundtrack)-[:WROTE]->(n3:drama), (n4:director)-[:DIRECTED]->(n1:drama) WHERE (n1.year=1913 AND n2.year=1935 AND n3.category=""short"") RETURN count(n1)";"MATCH (n4:actor)-[:ACTED_IN]->(n2:drama:year_1935), (n4:soundtrack)-[:WROTE]->(n3:drama:short), (n4:director)-[:DIRECTED]->(n1:drama:year_1913) RETURN count(n1)";"A AND B AND C";"-";"100%";"18";"18584";"29.7"
"MATCH (n1:actor)-[:ACTED_IN]->(n2:drama), (n1:actor)-[:ACTED_IN]->(n4:documentary), (n1:actor)-[:ACTED_IN]->(n3:documentary) WHERE (n4.year=2005 AND n3.year=2016 AND n1.death=0) RETURN count(n1)";"MATCH (n1:actor:death_0)-[:ACTED_IN]->(n2:drama), (n1:actor:death_0)-[:ACTED_IN]->(n4:documentary:year_2005), (n1:actor:death_0)-[:ACTED_IN]->(n3:documentary:year_2016) RETURN count(n1)";"A AND B AND C";"-";"100%";"394549";"27775363";"4923.3"
"MATCH (n4:director)-[:DIRECTED]->(n3:adult), (n4:cinematographer)-[:DIRECTED]->(n1:adult), (n4:writer)-[:CINEMATOGRAPHER_OF]->(n2:adult) WHERE (n1.year=2005 AND n4.death=0 AND n2.year=2002) RETURN count(n1)";"MATCH (n4:director:death_0)-[:DIRECTED]->(n3:adult), (n4:cinematographer:death_0)-[:DIRECTED]->(n1:adult:year_2005), (n4:writer:death_0)-[:CINEMATOGRAPHER_OF]->(n2:adult:year_2002) RETURN count(n1)";"A AND B AND C";"-";"100%";"2354";"166823";"48.9"
"MATCH (n2:producer)-[:ACTED_IN]->(n3:romance), (n2:miscellaneous)-[:ACTED_IN]->(n1:comedy), (n2:actor)-[:ACTED_IN]->(n4:comedy) WHERE (n1.year=2019 AND n4.year=2008 AND n3.year=1999) RETURN count(n1)";"MATCH (n2:producer)-[:ACTED_IN]->(n3:romance:year_1999), (n2:miscellaneous)-[:ACTED_IN]->(n1:comedy:year_2019), (n2:actor)-[:ACTED_IN]->(n4:comedy:year_2008) RETURN count(n1)";"A AND B AND C";"-";"100%";"11";"1194716";"212.4"
"MATCH (n2:soundtrack)-[:ACTED_IN]->(n3:music), (n2:soundtrack)-[:ACTED_IN]->(n1:music) WHERE (n1.year=1996 AND n2.birth=1947 AND n3.year=1983 AND n2.name=""Elton John"") RETURN count(n1)";"MATCH (n2:soundtrack:birth_1947)-[:ACTED_IN]->(n3:music:year_1983), (n2:soundtrack:birth_1947)-[:ACTED_IN]->(n1:music:year_1996) WHERE (n2.name=""Elton John"") RETURN count(n1)";"A AND B AND C AND D";"A";"75%";"24";"8133";"15.1"
"MATCH (n1:actress)-[:ACTED_IN]->(n2:adult), (n1:actress)-[:ACTED_IN]->(n3:adult) WHERE (n1.name=""Kim Angeli"" AND n1.birth=1968 AND n3.year=1990 AND n2.year=1993) RETURN count(n1)";"MATCH (n1:actress:birth_1968)-[:ACTED_IN]->(n2:adult:year_1993), (n1:actress:birth_1968)-[:ACTED_IN]->(n3:adult:year_1990) WHERE (n1.name=""Kim Angeli"") RETURN count(n1)";"A AND B AND C AND D";"A";"75%";"22";"5290";"14.6"
"MATCH (n3:writer)-[:WROTE]->(n2:animation), (n3:writer)-[:WROTE]->(n4:drama), (n3:writer)-[:WROTE]->(n1:adventure) WHERE (n2.year=1978 AND n3.birth=0 AND n3.name=""Aleksandr Antokolsky"" AND n4.year=1960) RETURN count(n1)";"MATCH (n3:writer:birth_0)-[:WROTE]->(n2:animation:year_1978), (n3:writer:birth_0)-[:WROTE]->(n4:drama:year_1960), (n3:writer:birth_0)-[:WROTE]->(n1:adventure) WHERE (n3.name=""Aleksandr Antokolsky"") RETURN count(n1)";"A AND B AND C AND D";"A";"75%";"1";"36";"17.1"
"MATCH (n3:actor)-[:ACTED_IN]->(n2:drama), (n3:actor)-[:ACTED_IN]->(n1:drama) WHERE (n2.year=1980 AND n3.birth=1937 AND n1.year=1992 AND n2.category=""movie"") RETURN count(n1)";"MATCH (n3:actor:birth_1937)-[:ACTED_IN]->(n2:drama:year_1980:movie), (n3:actor:birth_1937)-[:ACTED_IN]->(n1:drama:year_1992) RETURN count(n1)";"A AND B AND C AND D";"-";"100%";"46";"864862";"162.1"
"MATCH (n1:actor)-[:ACTED_IN]->(n2:romance), (n1:actor)-[:ACTED_IN]->(n4:war), (n1:actor)-[:ACTED_IN]->(n3:comedy) WHERE (n3.category=""movie"" AND n1.birth=1895 AND n3.year=1927 AND n4.year=1929) RETURN count(n1)";"MATCH (n1:actor:birth_1895)-[:ACTED_IN]->(n2:romance), (n1:actor:birth_1895)-[:ACTED_IN]->(n4:war:year_1929), (n1:actor:birth_1895)-[:ACTED_IN]->(n3:comedy:movie:year_1927) RETURN count(n1)";"A AND B AND C AND D";"-";"100%";"14";"25238";"30.9"
"MATCH (n2:actor)-[:DIRECTED]->(n1:biography), (n2:actor)-[:DIRECTED]->(n3:romance) WHERE (n2.birth=1904 AND n2.name=""Goffredo Alessandrini"" AND n3.year=1936 AND n1.category=""movie"") RETURN count(n1)";"MATCH (n2:actor:birth_1904)-[:DIRECTED]->(n1:biography:movie), (n2:actor:birth_1904)-[:DIRECTED]->(n3:romance:year_1936) WHERE (n2.name=""Goffredo Alessandrini"") RETURN count(n1)";"A AND B AND C AND D";"A";"75%";"1";"132";"12.2"
"MATCH (n3:soundtrack)-[:ACTED_IN]->(n1:drama), (n3:soundtrack)-[:ACTED_IN]->(n2:action) WHERE (n3.death=1954 AND n2.year=1948 AND n1.category=""movie"" AND n3.birth=1878) RETURN count(n1)";"MATCH (n3:soundtrack:death_1954:birth_1878)-[:ACTED_IN]->(n1:drama:movie), (n3:soundtrack:death_1954:birth_1878)-[:ACTED_IN]->(n2:action:year_1948) RETURN count(n1)";"A AND B AND C AND D";"-";"100%";"95";"2233";"10.7"
"MATCH (n2:writer)-[:ACTED_IN]->(n1:comedy), (n2:director)-[:ACTED_IN]->(n3:comedy), (n2:actor)-[:ACTED_IN]->(n4:sci_fi) WHERE (n1.year=1975 AND n2.birth=1941 AND n4.category=""short"" AND n2.death=2015) RETURN count(n1)";"MATCH (n2:writer:birth_1941:death_2015)-[:ACTED_IN]->(n1:comedy:year_1975), (n2:director:birth_1941:death_2015)-[:ACTED_IN]->(n3:comedy), (n2:actor:birth_1941:death_2015)-[:ACTED_IN]->(n4:sci_fi:short) RETURN count(n1)";"A AND B AND C AND D";"-";"100%";"5";"6472";"29.5"
"MATCH (n2:soundtrack)-[:ACTED_IN]->(n3:documentary), (n2:actor)-[:ACTED_IN]->(n1:action) WHERE (n3.category=""video"" AND n1.category=""video"" AND n2.death=2009 AND n2.birth=1933) RETURN count(n1)";"MATCH (n2:soundtrack:death_2009:birth_1933)-[:ACTED_IN]->(n3:documentary:video), (n2:actor:death_2009:birth_1933)-[:ACTED_IN]->(n1:action:video) RETURN count(n1)";"A AND B AND C AND D";"-";"100%";"22";"19114";"18.0"
"MATCH (n2:director)-[:DIRECTED]->(n1:adult), (n2:editor)-[:DIRECTED]->(n3:adult) WHERE (n1.category=""video"" AND n2.birth=0 AND n1.year=1996 AND n3.category=""video"") RETURN count(n1)";"MATCH (n2:director:birth_0)-[:DIRECTED]->(n1:adult:video:year_1996), (n2:editor:birth_0)-[:DIRECTED]->(n3:adult:video) RETURN count(n1)";"A AND B AND C AND D";"-";"100%";"485";"61209";"44.0"
"MATCH (n3:director)-[:ACTED_IN]->(n2:crime), (n3:director)-[:ACTED_IN]->(n4:crime), (n3:director)-[:ACTED_IN]->(n1:documentary) WHERE (n2.category=""movie"" AND n3.birth=1962 AND n1.category=""tvShort"" AND n1.year=1985) RETURN count(n1)";"MATCH (n3:director:birth_1962)-[:ACTED_IN]->(n2:crime:movie), (n3:director:birth_1962)-[:ACTED_IN]->(n4:crime), (n3:director:birth_1962)-[:ACTED_IN]->(n1:documentary:tvShort:year_1985) RETURN count(n1)";"A AND B AND C AND D";"-";"100%";"218";"171422";"59.6"
"MATCH (n3:producer)-[:ACTED_IN]->(n1:western), (n3:producer)-[:ACTED_IN]->(n2:western) WHERE (n2.category=""short"" AND n3.name=""Gilbert M. 'Broncho Billy' Anderson"" AND n2.year=1910 AND n3.death=1971) RETURN count(n1)";"MATCH (n3:producer:death_1971)-[:ACTED_IN]->(n1:western), (n3:producer:death_1971)-[:ACTED_IN]->(n2:western:short:year_1910) WHERE (n3.name=""Gilbert M. 'Broncho Billy' Anderson"") RETURN count(n1)";"A AND B AND C AND D";"A";"75%";"14357";"365034";"76.7"
"MATCH (n2:producer)-[:PRODUCED]->(n3:music), (n2:editorial_department)-[:DIRECTED]->(n1:documentary) WHERE (n2.name=""Bob Sarles"" AND n3.category=""tvSpecial"" AND n2.death=0 AND n3.year=2011) RETURN count(n1)";"MATCH (n2:producer:death_0)-[:PRODUCED]->(n3:music:tvSpecial:year_2011), (n2:editorial_department:death_0)-[:DIRECTED]->(n1:documentary) WHERE (n2.name=""Bob Sarles"") RETURN count(n1)";"A AND B AND C AND D";"A";"75%";"10";"523";"12.0"
"MATCH (n3:actor)-[:ACTED_IN]->(n2:comedy), (n3:soundtrack)-[:ACTED_IN]->(n4:comedy), (n3:producer)-[:ACTED_IN]->(n1:family) WHERE (n4.category=""short"" AND n3.death=0 AND n2.year=2010 AND n3.name=""Neil Patrick Harris"") RETURN count(n1)";"MATCH (n3:actor:death_0)-[:ACTED_IN]->(n2:comedy:year_2010), (n3:soundtrack:death_0)-[:ACTED_IN]->(n4:comedy:short), (n3:producer:death_0)-[:ACTED_IN]->(n1:family) WHERE (n3.name=""Neil Patrick Harris"") RETURN count(n1)";"A AND B AND C AND D";"A";"75%";"11033";"271350";"64.6"
"MATCH (n2:actor)-[:ACTED_IN]->(n1:action), (n2:soundtrack)-[:ACTED_IN]->(n3:action) WHERE (n3.category=""tvMovie"" AND n1.category=""movie"" AND n1.year=1937 AND n3.year=1961) RETURN count(n1)";"MATCH (n2:actor)-[:ACTED_IN]->(n1:action:movie:year_1937), (n2:soundtrack)-[:ACTED_IN]->(n3:action:tvMovie:year_1961) RETURN count(n1)";"A AND B AND C AND D";"-";"100%";"3";"92285";"42.0"
"MATCH (n4:director)-[:DIRECTED]->(n1:comedy), (n4:writer)-[:DIRECTED]->(n2:drama), (n4:writer)-[:DIRECTED]->(n3:drama) WHERE (n1.year=1972 AND n4.name=""Silvio Amadio"" AND n4.death=1995 AND n4.birth=1926) RETURN count(n1)";"MATCH (n4:director:death_1995:birth_1926)-[:DIRECTED]->(n1:comedy:year_1972), (n4:writer:death_1995:birth_1926)-[:DIRECTED]->(n2:drama), (n4:writer:death_1995:birth_1926)-[:DIRECTED]->(n3:drama) WHERE (n4.name=""Silvio Amadio"") RETURN count(n1)";"A AND B AND C AND D";"A";"75%";"144";"1389";"14.7"
"MATCH (n3:actor)-[:ACTED_IN]->(n2:music), (n3:composer)-[:ACTED_IN]->(n1:documentary), (n3:soundtrack)-[:ARCHIVE_FOOTAGE_MAKER_OF]->(n4:music) WHERE (n4.year=2008 AND n2.year=2018 AND n3.death=0 AND n1.year=2006) RETURN count(n1)";"MATCH (n3:actor:death_0)-[:ACTED_IN]->(n2:music:year_2018), (n3:composer:death_0)-[:ACTED_IN]->(n1:documentary:year_2006), (n3:soundtrack:death_0)-[:ARCHIVE_FOOTAGE_MAKER_OF]->(n4:music:year_2008) RETURN count(n1)";"A AND B AND C AND D";"-";"100%";"35";"439612";"112.2"
"MATCH (n2:director)-[:ACTED_IN]->(n3:documentary), (n2:actor)-[:ARCHIVE_FOOTAGE_MAKER_OF]->(n4:adventure), (n2:director)-[:ACTED_IN]->(n1:talk_show) WHERE (n2.name=""Robert Vaughn"" AND n3.category=""tvSeries"" AND n4.category=""movie"" AND n2.death=2016) RETURN count(n1)";"MATCH (n2:director:death_2016)-[:ACTED_IN]->(n3:documentary:tvSeries), (n2:actor:death_2016)-[:ARCHIVE_FOOTAGE_MAKER_OF]->(n4:adventure:movie), (n2:director:death_2016)-[:ACTED_IN]->(n1:talk_show) WHERE (n2.name=""Robert Vaughn"") RETURN count(n1)";"A AND B AND C AND D";"A";"75%";"224";"18570";"18.5"
"MATCH (n3:writer)-[:PRODUCED]->(n1:thriller), (n3:production_manager)-[:PRODUCED]->(n4:drama), (n3:writer)-[:PRODUCED]->(n2:comedy) WHERE (n1.category=""tvMovie"" AND n2.year=1999 AND n4.category=""movie"" AND n3.name=""Dieter Ulrich Aselmann"") RETURN count(n1)";"MATCH (n3:writer)-[:PRODUCED]->(n1:thriller:tvMovie), (n3:production_manager)-[:PRODUCED]->(n4:drama:movie), (n3:writer)-[:PRODUCED]->(n2:comedy:year_1999) WHERE (n3.name=""Dieter Ulrich Aselmann"") RETURN count(n1)";"A AND B AND C AND D";"A";"75%";"40";"2851";"17.5"
"MATCH (n3:writer)-[:ACTED_IN]->(n4:documentary), (n3:actor)-[:PRODUCED]->(n1:thriller), (n3:writer)-[:ACTED_IN]->(n2:documentary) WHERE (n4.category=""tvMovie"" AND n3.name=""Ilya Salkind"" AND n1.category=""movie"" AND n2.category=""video"") RETURN count(n1)";"MATCH (n3:writer)-[:ACTED_IN]->(n4:documentary:tvMovie), (n3:actor)-[:PRODUCED]->(n1:thriller:movie), (n3:writer)-[:ACTED_IN]->(n2:documentary:video) WHERE (n3.name=""Ilya Salkind"") RETURN count(n1)";"A AND B AND C AND D";"A";"75%";"4";"380";"12.3"
