"Kueri";"Jumlah Hasil";"DBHits";"Running Time"
"MATCH (n2:soundtrack)-[:ACTED_IN]->(n1:thriller), (n2:actress)-[:ACTED_IN]->(n3:comedy) WHERE (n2.name=""Molly Ringwald"") RETURN count(n1)";"336";"2535";"148.2"
"MATCH (n3:actress)-[:ACTED_IN]->(n1:drama), (n3:actress)-[:ACTED_IN]->(n2:thriller) WHERE (n3.name=""Marijam Agischewa"") RETURN count(n1)";"1540";"6316";"60.6"
"MATCH (n4:actor)-[:ACTED_IN]->(n2:documentary), (n4:soundtrack)-[:ACTED_IN]->(n3:music), (n4:soundtrack)-[:ACTED_IN]->(n1:comedy) WHERE (n4.name=""Christopher Guest"") RETURN count(n1)";"38180";"307545";"169.3"
"MATCH (n1:producer)-[:ACTED_IN]->(n2:news), (n1:actor)-[:ACTED_IN]->(n3:documentary) WHERE (n3.year=1997) RETURN count(n1)";"36015";"1432781";"1540.9"
"MATCH (n3:actor)-[:ACTED_IN]->(n1:drama), (n3:actor)-[:ACTED_IN]->(n2:drama) WHERE (n2.year=1999) RETURN count(n1)";"29954847";"105126093";"24663.9"
"MATCH (n3:actress)-[:ACTED_IN]->(n2:thriller), (n3:actress)-[:ACTED_IN]->(n1:animation) WHERE (n1.year=1973) RETURN count(n1)";"169";"754103";"212.5"
"MATCH (n3:actor)-[:ACTED_IN]->(n2:drama), (n3:actor)-[:DIRECTED]->(n1:adventure) WHERE (n1.year=2008) RETURN count(n1)";"4761";"87701";"131.9"
"MATCH (n3:director)-[:DIRECTED]->(n1:comedy), (n3:producer)-[:ACTED_IN]->(n2:western) WHERE (n2.year=1915) RETURN count(n1)";"5033";"24568";"44.4"
"MATCH (n3:writer)-[:ACTED_IN]->(n1:fantasy), (n3:director)-[:ACTED_IN]->(n2:drama) WHERE (n1.year=2006) RETURN count(n1)";"16820";"265854";"209.7"
"MATCH (n2:actor)-[:COMPOSED]->(n3:drama), (n2:composer)-[:COMPOSED]->(n1:romance) WHERE (n1.year=2004) RETURN count(n1)";"298968";"988567";"388.4"
"MATCH (n3:producer)-[:ACTED_IN]->(n2:fantasy), (n3:actor)-[:ACTED_IN]->(n1:romance), (n3:writer)-[:ACTED_IN]->(n4:drama) WHERE (n4.year=1985) RETURN count(n1)";"228372016";"784530291";"143952.2"
"MATCH (n4:director)-[:ACTED_IN]->(n3:talk_show), (n4:producer)-[:DIRECTED]->(n2:comedy), (n4:producer)-[:DIRECTED]->(n1:drama) WHERE (n2.year=0) RETURN count(n1)";"1179321";"96513168";"13984.2"
"MATCH (n1:writer)-[:PRODUCED]->(n4:documentary), (n1:writer)-[:PRODUCED]->(n2:comedy), (n1:producer)-[:PRODUCED]->(n3:sci_fi) WHERE (n3.year=2001) RETURN count(n1)";"884";"37542";"72.4"
"MATCH (n2:composer)-[:COMPOSED]->(n1:documentary), (n2:soundtrack)-[:COMPOSED]->(n3:drama), (n2:composer)-[:COMPOSED]->(n4:documentary) WHERE (n1.year=1965) RETURN count(n1)";"179184";"1384640";"396.4"
"MATCH (n1:music_department)-[:COMPOSED]->(n3:action), (n1:music_department)-[:COMPOSED]->(n2:action), (n1:music_department)-[:COMPOSED]->(n4:crime) WHERE (n2.year=1977) RETURN count(n1)";"4867524";"53896342";"7863.1"
"MATCH (n2:actor)-[:ACTED_IN]->(n1:thriller), (n2:actor)-[:ACTED_IN]->(n3:drama) WHERE (n1.category=""tvMovie"") RETURN count(n1)";"557670";"3358831";"3477.2"
"MATCH (n4:composer)-[:COMPOSED]->(n3:mystery), (n4:composer)-[:COMPOSED]->(n2:comedy), (n4:music_department)-[:COMPOSED]->(n1:drama) WHERE (n3.category=""movie"") RETURN count(n1)";"TIMEOUT";"TIMEOUT";"TIMEOUT"
"MATCH (n3:actress)-[:ACTED_IN]->(n1:comedy), (n3:producer)-[:ACTED_IN]->(n4:thriller), (n3:soundtrack)-[:ACTED_IN]->(n2:fantasy) WHERE (n2.category=""movie"") RETURN count(n1)";"537335";"21334046";"4450.4"
"MATCH (n2:actress)-[:ACTED_IN]->(n4:animation), (n2:actress)-[:ACTED_IN]->(n1:animation), (n2:actress)-[:ACTED_IN]->(n3:sci_fi) WHERE (n2.birth=1952) RETURN count(n1)";"5478924";"17051587";"2166.7"
"MATCH (n1:producer)-[:ACTED_IN]->(n4:documentary), (n1:writer)-[:ACTED_IN]->(n2:music), (n1:producer)-[:ACTED_IN]->(n3:documentary) WHERE (n1.death=0) RETURN count(n1)";"TIMEOUT";"TIMEOUT";"TIMEOUT"
"MATCH (n2:actor)-[:ACTED_IN]->(n3:drama), (n2:actor)-[:ACTED_IN]->(n1:game_show) WHERE (n2.death=2009 AND n2.birth=1923) RETURN count(n1)";"2107";"5311634";"1192.8"
"MATCH (n1:actress)-[:ACTED_IN]->(n3:drama), (n1:actress)-[:ACTED_IN]->(n2:drama) WHERE (n1.birth=1957 AND n2.year=1987) RETURN count(n1)";"415249";"1492346";"464.4"
"MATCH (n4:music_department)-[:COMPOSED]->(n2:documentary), (n4:soundtrack)-[:COMPOSED]->(n1:documentary), (n4:soundtrack)-[:COMPOSED]->(n3:sport) WHERE (n3.year=1950 AND n4.birth=1911) RETURN count(n1)";"11470";"315051";"152.0"
"MATCH (n3:producer)-[:DIRECTED]->(n1:animation), (n3:director)-[:DIRECTED]->(n2:animation) WHERE (n2.category=""short"" AND n3.birth=1905) RETURN count(n1)";"551";"9757";"38.6"
"MATCH (n1:producer)-[:ACTED_IN]->(n4:adult), (n1:director)-[:PRODUCED]->(n3:adult), (n1:actor)-[:ACTED_IN]->(n2:adult) WHERE (n3.category=""video"" AND n2.category=""video"") RETURN count(n1)";"91844700";"279169247";"61515.0"
"MATCH (n1:actress)-[:PRODUCED]->(n3:romance), (n1:soundtrack)-[:ACTED_IN]->(n4:thriller), (n1:soundtrack)-[:ACTED_IN]->(n2:drama) WHERE (n4.category=""tvMovie"" AND n2.category=""movie"") RETURN count(n1)";"131";"77495";"143.6"
"MATCH (n2:director)-[:ACTED_IN]->(n1:adventure), (n2:director)-[:ACTED_IN]->(n3:romance) WHERE (n2.death=1972 AND n3.category=""movie"") RETURN count(n1)";"2717";"29656";"49.4"
"MATCH (n3:music_department)-[:COMPOSED]->(n1:romance), (n3:music_department)-[:COMPOSED]->(n2:documentary) WHERE (n1.category=""movie"" AND n3.death=2005) RETURN count(n1)";"84";"13999";"35.5"
"MATCH (n2:actor)-[:ACTED_IN]->(n1:sport), (n2:actor)-[:ACTED_IN]->(n3:sport), (n2:stunts)-[:ACTED_IN]->(n4:sport) WHERE (n4.category=""tvSpecial"" AND n2.name=""Sam Anoai"") RETURN count(n1)";"22780";"1610552";"520.3"
"MATCH (n2:composer)-[:ACTED_IN]->(n4:music), (n2:soundtrack)-[:ACTED_IN]->(n3:documentary), (n2:composer)-[:ACTED_IN]->(n1:music) WHERE (n1.category=""video"" AND n2.name=""Bob Geldof"") RETURN count(n1)";"27956";"220012";"108.9"
"MATCH (n1:actor)-[:ACTED_IN]->(n2:documentary), (n1:actor)-[:ACTED_IN]->(n3:adventure) WHERE (n3.category=""movie"" AND n2.year=2007) RETURN count(n1)";"9277";"8603144";"6466.0"
"MATCH (n1:actor)-[:ACTED_IN]->(n3:comedy), (n1:actor)-[:ACTED_IN]->(n2:comedy) WHERE (n3.category=""tvSeries"" AND n3.year=1957) RETURN count(n1)";"36038";"198058";"140.1"
"MATCH (n2:director)-[:ACTED_IN]->(n3:drama), (n2:actor)-[:ACTED_IN]->(n1:war) WHERE (n1.category=""tvMovie"" AND n3.year=1990) RETURN count(n1)";"481";"158558";"178.5"
"MATCH (n2:actor)-[:ACTED_IN]->(n1:documentary), (n3:writer)-[:ACTED_IN]->(n1:documentary), (n3:actor)-[:ACTED_IN]->(n4:comedy) WHERE (n4.year=2007 AND n4.category=""tvSpecial"") RETURN count(n1)";"5491";"221724";"240.0"
"MATCH (n3:writer)-[:ACTED_IN]->(n4:adventure), (n3:writer)-[:ACTED_IN]->(n2:talk_show), (n3:actor)-[:ACTED_IN]->(n1:documentary) WHERE (n1.year=2016 AND n2.category=""tvSeries"") RETURN count(n1)";"54953";"13856629";"5489.7"
"MATCH (n2:cinematographer)-[:CINEMATOGRAPHER_OF]->(n1:news), (n2:producer)-[:CINEMATOGRAPHER_OF]->(n3:documentary) WHERE (n2.death=1933 AND n3.year=1899) RETURN count(n1)";"2848";"53865";"65.1"
"MATCH (n3:producer)-[:PRODUCED]->(n2:sport), (n3:writer)-[:PRODUCED]->(n4:drama), (n3:producer)-[:WROTE]->(n1:drama) WHERE (n4.year=2008 AND n3.death=0) RETURN count(n1)";"655155";"7804237";"7623.2"
"MATCH (n3:writer)-[:ACTED_IN]->(n1:documentary), (n3:actor)-[:ACTED_IN]->(n4:documentary), (n3:producer)-[:ACTED_IN]->(n2:thriller) WHERE (n3.death=0 AND n4.year=2004) RETURN count(n1)";"127171";"13225632";"7576.9"
"MATCH (n3:producer)-[:ARCHIVE_FOOTAGE_MAKER_OF]->(n2:documentary), (n3:director)-[:ARCHIVE_FOOTAGE_MAKER_OF]->(n1:documentary) WHERE (n3.name=""Bernardo Bertolucci"" AND n2.year=2011) RETURN count(n1)";"6";"192";"29.7"
"MATCH (n3:actor)-[:ACTED_IN]->(n2:crime), (n3:director)-[:DIRECTED]->(n1:drama), (n3:actor)-[:ACTED_IN]->(n4:talk_show) WHERE (n4.year=2009 AND n3.name=""John Sayles"") RETURN count(n1)";"18";"4928";"33.8"
"MATCH (n3:music_department)-[:COMPOSED]->(n2:documentary), (n3:music_department)-[:COMPOSED]->(n1:documentary) WHERE (n3.name=""Philip Glass"" AND n3.birth=1937 AND n1.category=""video"") RETURN count(n1)";"603";"4161";"27.1"
"MATCH (n2:director)-[:ACTED_IN]->(n3:comedy), (n2:actor)-[:WROTE]->(n1:comedy) WHERE (n1.category=""movie"" AND n2.name=""John McDermott"" AND n2.birth=1893) RETURN count(n1)";"465";"1641";"28.3"
"MATCH (n3:script_department)-[:EDITED]->(n1:drama), (n3:miscellaneous)-[:EDITED]->(n4:drama), (n3:editor)-[:EDITED]->(n2:comedy) WHERE (n2.category=""movie"" AND n3.birth=0 AND n3.name=""Jorge Busto"") RETURN count(n1)";"2057928";"9612444";"1946.2"
"MATCH (n4:camera_department)-[:CINEMATOGRAPHER_OF]->(n1:family), (n4:director)-[:CINEMATOGRAPHER_OF]->(n2:comedy), (n4:camera_department)-[:CINEMATOGRAPHER_OF]->(n3:war) WHERE (n4.birth=0 AND n4.name=""Guy Gonçalves"" AND n3.year=1997) RETURN count(n1)";"3";"224";"36.5"
"MATCH (n1:actress)-[:ARCHIVE_FOOTAGE_MAKER_OF]->(n2:adult), (n1:miscellaneous)-[:ACTED_IN]->(n3:adult), (n1:actress)-[:ACTED_IN]->(n4:adult) WHERE (n1.birth=1966 AND n1.name=""Christy Canyon"" AND n4.year=1995) RETURN count(n1)";"95910";"391396";"155.2"
"MATCH (n3:soundtrack)-[:ACTED_IN]->(n2:drama), (n3:soundtrack)-[:ACTED_IN]->(n1:comedy) WHERE (n1.category=""movie"" AND n3.death=1976 AND n2.category=""movie"") RETURN count(n1)";"7306";"29442";"107.1"
"MATCH (n2:soundtrack)-[:ACTED_IN]->(n3:documentary), (n2:producer)-[:ACTED_IN]->(n1:drama) WHERE (n3.category=""video"" AND n1.category=""movie"" AND n2.name=""Kevin Costner"") RETURN count(n1)";"858";"25055";"54.4"
"MATCH (n2:visual_effects)-[:ACTED_IN]->(n1:comedy), (n2:visual_effects)-[:ACTED_IN]->(n3:thriller), (n2:actor)-[:ACTED_IN]->(n4:comedy) WHERE (n3.category=""short"" AND n2.name=""Steven Allen"" AND n1.category=""short"") RETURN count(n1)";"42";"285";"32.0"
"MATCH (n3:cinematographer)-[:CINEMATOGRAPHER_OF]->(n1:drama), (n3:cinematographer)-[:CINEMATOGRAPHER_OF]->(n4:thriller), (n3:camera_department)-[:CINEMATOGRAPHER_OF]->(n2:crime) WHERE (n1.category=""movie"" AND n3.name=""Ellsworth Fredericks"" AND n4.category=""movie"") RETURN count(n1)";"474";"31557";"55.9"
"MATCH (n3:producer)-[:EDITED]->(n1:documentary), (n3:editor)-[:EDITED]->(n2:documentary) WHERE (n1.category=""movie"" AND n1.year=2010 AND n2.category=""video"") RETURN count(n1)";"169";"72878";"124.4"
"MATCH (n1:actor)-[:ACTED_IN]->(n2:drama), (n1:actor)-[:ACTED_IN]->(n3:news) WHERE (n3.category=""video"" AND n2.category=""movie"" AND n2.year=1974) RETURN count(n1)";"11";"1080851";"517.0"
"MATCH (n1:actress)-[:ACTED_IN]->(n3:comedy), (n1:actress)-[:ACTED_IN]->(n2:comedy), (n1:actress)-[:ACTED_IN]->(n4:comedy) WHERE (n3.year=1976 AND n2.category=""movie"" AND n3.category=""movie"") RETURN count(n1)";"596043";"4484504";"1298.0"
"MATCH (n3:producer)-[:ACTED_IN]->(n1:drama), (n3:director)-[:ACTED_IN]->(n2:drama) WHERE (n3.death=0 AND n1.category=""movie"" AND n2.year=1988) RETURN count(n1)";"22066";"8626780";"9436.0"
"MATCH (n1:actress)-[:ACTED_IN]->(n3:drama), (n1:actress)-[:ACTED_IN]->(n2:mystery) WHERE (n3.year=2010 AND n1.death=0 AND n2.category=""movie"") RETURN count(n1)";"19918";"3889353";"5959.6"
"MATCH (n3:actor)-[:DIRECTED]->(n2:drama), (n3:actor)-[:DIRECTED]->(n1:drama) WHERE (n2.year=1973 AND n3.name=""Hasan El-Emam"" AND n2.category=""movie"") RETURN count(n1)";"82";"508";"24.0"
"MATCH (n1:actress)-[:ACTED_IN]->(n2:drama), (n1:actress)-[:ACTED_IN]->(n3:drama) WHERE (n3.category=""tvMovie"" AND n3.year=1962 AND n2.year=1958) RETURN count(n1)";"377";"115218";"130.1"
"MATCH (n4:actor)-[:ACTED_IN]->(n2:drama), (n4:soundtrack)-[:WROTE]->(n3:drama), (n4:director)-[:DIRECTED]->(n1:drama) WHERE (n1.year=1913 AND n2.year=1935 AND n3.category=""short"") RETURN count(n1)";"18";"11998";"59.6"
"MATCH (n1:actor)-[:ACTED_IN]->(n2:drama), (n1:actor)-[:ACTED_IN]->(n4:documentary), (n1:actor)-[:ACTED_IN]->(n3:documentary) WHERE (n4.year=2005 AND n3.year=2016 AND n1.death=0) RETURN count(n1)";"394549";"28122658";"10668.2"
"MATCH (n4:director)-[:DIRECTED]->(n3:adult), (n4:cinematographer)-[:DIRECTED]->(n1:adult), (n4:writer)-[:CINEMATOGRAPHER_OF]->(n2:adult) WHERE (n1.year=2005 AND n4.death=0 AND n2.year=2002) RETURN count(n1)";"2354";"840429";"1913.3"
"MATCH (n2:producer)-[:ACTED_IN]->(n3:romance), (n2:miscellaneous)-[:ACTED_IN]->(n1:comedy), (n2:actor)-[:ACTED_IN]->(n4:comedy) WHERE (n1.year=2019 AND n4.year=2008 AND n3.year=1999) RETURN count(n1)";"11";"1134145";"526.4"
"MATCH (n2:soundtrack)-[:ACTED_IN]->(n3:music), (n2:soundtrack)-[:ACTED_IN]->(n1:music) WHERE (n1.year=1996 AND n2.birth=1947 AND n3.year=1983 AND n2.name=""Elton John"") RETURN count(n1)";"24";"16128";"38.8"
"MATCH (n1:actress)-[:ACTED_IN]->(n2:adult), (n1:actress)-[:ACTED_IN]->(n3:adult) WHERE (n1.name=""Kim Angeli"" AND n1.birth=1968 AND n3.year=1990 AND n2.year=1993) RETURN count(n1)";"22";"8655";"29.8"
"MATCH (n3:writer)-[:WROTE]->(n2:animation), (n3:writer)-[:WROTE]->(n4:drama), (n3:writer)-[:WROTE]->(n1:adventure) WHERE (n2.year=1978 AND n3.birth=0 AND n3.name=""Aleksandr Antokolsky"" AND n4.year=1960) RETURN count(n1)";"1";"37";"28.8"
"MATCH (n3:actor)-[:ACTED_IN]->(n2:drama), (n3:actor)-[:ACTED_IN]->(n1:drama) WHERE (n2.year=1980 AND n3.birth=1937 AND n1.year=1992 AND n2.category=""movie"") RETURN count(n1)";"46";"73020";"108.6"
"MATCH (n1:actor)-[:ACTED_IN]->(n2:romance), (n1:actor)-[:ACTED_IN]->(n4:war), (n1:actor)-[:ACTED_IN]->(n3:comedy) WHERE (n3.category=""movie"" AND n1.birth=1895 AND n3.year=1927 AND n4.year=1929) RETURN count(n1)";"14";"1320";"41.7"
"MATCH (n2:actor)-[:DIRECTED]->(n1:biography), (n2:actor)-[:DIRECTED]->(n3:romance) WHERE (n2.birth=1904 AND n2.name=""Goffredo Alessandrini"" AND n3.year=1936 AND n1.category=""movie"") RETURN count(n1)";"1";"133";"22.0"
"MATCH (n3:soundtrack)-[:ACTED_IN]->(n1:drama), (n3:soundtrack)-[:ACTED_IN]->(n2:action) WHERE (n3.death=1954 AND n2.year=1948 AND n1.category=""movie"" AND n3.birth=1878) RETURN count(n1)";"95";"1646";"24.0"
"MATCH (n2:writer)-[:ACTED_IN]->(n1:comedy), (n2:director)-[:ACTED_IN]->(n3:comedy), (n2:actor)-[:ACTED_IN]->(n4:sci_fi) WHERE (n1.year=1975 AND n2.birth=1941 AND n4.category=""short"" AND n2.death=2015) RETURN count(n1)";"5";"972";"48.3"
"MATCH (n2:soundtrack)-[:ACTED_IN]->(n3:documentary), (n2:actor)-[:ACTED_IN]->(n1:action) WHERE (n3.category=""video"" AND n1.category=""video"" AND n2.death=2009 AND n2.birth=1933) RETURN count(n1)";"22";"15065";"61.6"
"MATCH (n2:director)-[:DIRECTED]->(n1:adult), (n2:editor)-[:DIRECTED]->(n3:adult) WHERE (n1.category=""video"" AND n2.birth=0 AND n1.year=1996 AND n3.category=""video"") RETURN count(n1)";"485";"2056796";"3911.6"
"MATCH (n3:director)-[:ACTED_IN]->(n2:crime), (n3:director)-[:ACTED_IN]->(n4:crime), (n3:director)-[:ACTED_IN]->(n1:documentary) WHERE (n2.category=""movie"" AND n3.birth=1962 AND n1.category=""tvShort"" AND n1.year=1985) RETURN count(n1)";"218";"11897";"41.2"
"MATCH (n3:producer)-[:ACTED_IN]->(n1:western), (n3:producer)-[:ACTED_IN]->(n2:western) WHERE (n2.category=""short"" AND n3.name=""Gilbert M. 'Broncho Billy' Anderson"" AND n2.year=1910 AND n3.death=1971) RETURN count(n1)";"14357";"505189";"260.4"
"MATCH (n2:producer)-[:PRODUCED]->(n3:music), (n2:editorial_department)-[:DIRECTED]->(n1:documentary) WHERE (n2.name=""Bob Sarles"" AND n3.category=""tvSpecial"" AND n2.death=0 AND n3.year=2011) RETURN count(n1)";"10";"119";"23.3"
"MATCH (n3:actor)-[:ACTED_IN]->(n2:comedy), (n3:soundtrack)-[:ACTED_IN]->(n4:comedy), (n3:producer)-[:ACTED_IN]->(n1:family) WHERE (n4.category=""short"" AND n3.death=0 AND n2.year=2010 AND n3.name=""Neil Patrick Harris"") RETURN count(n1)";"11033";"271437";"167.1"
"MATCH (n2:actor)-[:ACTED_IN]->(n1:action), (n2:soundtrack)-[:ACTED_IN]->(n3:action) WHERE (n3.category=""tvMovie"" AND n1.category=""movie"" AND n1.year=1937 AND n3.year=1961) RETURN count(n1)";"3";"3753";"30.7"
"MATCH (n4:director)-[:DIRECTED]->(n1:comedy), (n4:writer)-[:DIRECTED]->(n2:drama), (n4:writer)-[:DIRECTED]->(n3:drama) WHERE (n1.year=1972 AND n4.name=""Silvio Amadio"" AND n4.death=1995 AND n4.birth=1926) RETURN count(n1)";"144";"1393";"33.4"
"MATCH (n3:actor)-[:ACTED_IN]->(n2:music), (n3:composer)-[:ACTED_IN]->(n1:documentary), (n3:soundtrack)-[:ARCHIVE_FOOTAGE_MAKER_OF]->(n4:music) WHERE (n4.year=2008 AND n2.year=2018 AND n3.death=0 AND n1.year=2006) RETURN count(n1)";"35";"145014";"277.1"
"MATCH (n2:director)-[:ACTED_IN]->(n3:documentary), (n2:actor)-[:ARCHIVE_FOOTAGE_MAKER_OF]->(n4:adventure), (n2:director)-[:ACTED_IN]->(n1:talk_show) WHERE (n2.name=""Robert Vaughn"" AND n3.category=""tvSeries"" AND n4.category=""movie"" AND n2.death=2016) RETURN count(n1)";"224";"18572";"41.6"
"MATCH (n3:writer)-[:PRODUCED]->(n1:thriller), (n3:production_manager)-[:PRODUCED]->(n4:drama), (n3:writer)-[:PRODUCED]->(n2:comedy) WHERE (n1.category=""tvMovie"" AND n2.year=1999 AND n4.category=""movie"" AND n3.name=""Dieter Ulrich Aselmann"") RETURN count(n1)";"40";"1860";"31.9"
"MATCH (n3:writer)-[:ACTED_IN]->(n4:documentary), (n3:actor)-[:PRODUCED]->(n1:thriller), (n3:writer)-[:ACTED_IN]->(n2:documentary) WHERE (n4.category=""tvMovie"" AND n3.name=""Ilya Salkind"" AND n1.category=""movie"" AND n2.category=""video"") RETURN count(n1)";"4";"386";"42.5"
