kueri asal;kueri numerik;filter pertama
"MATCH (n2:soundtrack)-[:ACTED_IN]->(n1:thriller), (n2:actress)-[:ACTED_IN]->(n3:comedy) WHERE (n2.name=""Molly Ringwald"") RETURN count(n1)";"MATCH (n2:99,799) -[3,260,775]-[472,757]-> (n1:124,666), (n2:767,812) -[8,169,427]-[5,776,115]-> (n3:1,479,294) WHERE (n2.name=""Molly Ringwald"") RETURN count(n1)";n2:soundtrack
"MATCH (n3:actress)-[:ACTED_IN]->(n1:drama), (n3:actress)-[:ACTED_IN]->(n2:thriller) WHERE (n3.name=""Marijam Agischewa"") RETURN count(n1)";"MATCH (n3:767,812) -[8,169,427]-[8,160,487]-> (n1:1,984,332), (n3:767,812) -[8,169,427]-[472,757]-> (n2:124,666) WHERE (n3.name=""Marijam Agischewa"") RETURN count(n1)";n2:thriller
"MATCH (n4:actor)-[:ACTED_IN]->(n2:documentary), (n4:soundtrack)-[:ACTED_IN]->(n3:music), (n4:soundtrack)-[:ACTED_IN]->(n1:comedy) WHERE (n4.name=""Christopher Guest"") RETURN count(n1)";"MATCH (n4:1,263,984) -[11,460,681]-[827,125]-> (n2:618,520), (n4:99,799) -[3,260,775]-[1,199,835]-> (n3:356,267), (n4:99,799) -[3,260,775]-[5,776,115]-> (n1:1,479,294) WHERE (n4.name=""Christopher Guest"") RETURN count(n1)";n4:soundtrack
MATCH (n1:producer)-[:ACTED_IN]->(n2:news), (n1:actor)-[:ACTED_IN]->(n3:documentary)-[:RELEASED_IN]->(:year_1997) RETURN count(n1);MATCH (n1:613,186) -[3,852,407]-[859,718]-> (n2:408,975), (n1:1,263,984) -[11,460,681]-[827,125]-> (n3:618,520) -[618,520]-[57,892]-> (:1) RETURN count(n1);:year_1997
MATCH (n3:actor)-[:ACTED_IN]->(n1:drama), (n3:actor)-[:ACTED_IN]->(n2:drama)-[:RELEASED_IN]->(:year_1999) RETURN count(n1);MATCH (n3:1,263,984) -[11,460,681]-[8,160,487]-> (n1:1,984,332), (n3:1,263,984) -[11,460,681]-[8,160,487]-> (n2:1,984,332) -[1,984,332]-[68,290]-> (:1) RETURN count(n1);:year_1999
MATCH (n3:actress)-[:ACTED_IN]->(n2:thriller), (n3:actress)-[:ACTED_IN]->(n1:animation)-[:RELEASED_IN]->(:year_1973) RETURN count(n1);MATCH (n3:767,812) -[8,169,427]-[472,757]-> (n2:124,666), (n3:767,812) -[8,169,427]-[1,017,184]-> (n1:330,135) -[330,135]-[23,934]-> (:1) RETURN count(n1);:year_1973
MATCH (n3:actor)-[:ACTED_IN]->(n2:drama), (n3:actor)-[:DIRECTED]->(n1:adventure)-[:RELEASED_IN]->(:year_2008) RETURN count(n1);MATCH (n3:1,263,984) -[11,460,681]-[8,160,487]-> (n2:1,984,332), (n3:1,263,984) -[749,294]-[249,591]-> (n1:273,401) -[273,401]-[166,310]-> (:1) RETURN count(n1);:year_2008
MATCH (n3:director)-[:DIRECTED]->(n1:comedy), (n3:producer)-[:ACTED_IN]->(n2:western)-[:RELEASED_IN]->(:year_1915) RETURN count(n1);MATCH (n3:560,717) -[4,398,352]-[1,126,831]-> (n1:1,479,294), (n3:613,186) -[3,852,407]-[112,634]-> (n2:26,970) -[26,970]-[6,538]-> (:1) RETURN count(n1);:year_1915
MATCH (n3:writer)-[:ACTED_IN]->(n1:fantasy)-[:RELEASED_IN]->(:year_2006), (n3:director)-[:ACTED_IN]->(n2:drama) RETURN count(n1);MATCH (n3:683,795) -[3,960,419]-[559,487]-> (n1:155,302) -[155,302]-[139,569]-> (:1), (n3:560,717) -[2,315,792]-[8,160,487]-> (n2:1,984,332) RETURN count(n1);:year_2006
MATCH (n2:actor)-[:COMPOSED]->(n3:drama), (n2:composer)-[:COMPOSED]->(n1:romance)-[:RELEASED_IN]->(:year_2004) RETURN count(n1);MATCH (n2:1,263,984) -[168,155]-[531,594]-> (n3:1,984,332), (n2:248,066) -[1,413,197]-[127,344]-> (n1:644,609) -[644,609]-[110,667]-> (:1) RETURN count(n1);:year_2004
MATCH (n3:producer)-[:ACTED_IN]->(n2:fantasy), (n3:actor)-[:ACTED_IN]->(n1:romance), (n3:writer)-[:ACTED_IN]->(n4:drama)-[:RELEASED_IN]->(:year_1985) RETURN count(n1);MATCH (n3:613,186) -[3,852,407]-[559,487]-> (n2:155,302), (n3:1,263,984) -[11,460,681]-[2,907,409]-> (n1:644,609), (n3:683,795) -[3,960,419]-[8,160,487]-> (n4:1,984,332) -[1,984,332]-[29,538]-> (:1) RETURN count(n1);:year_1985
MATCH (n4:director)-[:ACTED_IN]->(n3:talk_show), (n4:producer)-[:DIRECTED]->(n2:comedy)-[:RELEASED_IN]->(:year_0), (n4:producer)-[:DIRECTED]->(n1:drama) RETURN count(n1);MATCH (n4:560,717) -[2,315,792]-[1,979,368]-> (n3:773,293), (n4:613,186) -[1,743,713]-[1,126,831]-> (n2:1,479,294) -[1,479,294]-[624,693]-> (:1), (n4:613,186) -[1,743,713]-[2,082,743]-> (n1:1,984,332) RETURN count(n1);:year_0
MATCH (n1:writer)-[:PRODUCED]->(n4:documentary), (n1:writer)-[:PRODUCED]->(n2:comedy), (n1:producer)-[:PRODUCED]->(n3:sci_fi)-[:RELEASED_IN]->(:year_2001) RETURN count(n1);MATCH (n1:683,795) -[607,136]-[243,383]-> (n4:618,520), (n1:683,795) -[607,136]-[583,231]-> (n2:1,479,294), (n1:613,186) -[2,464,941]-[44,965]-> (n3:89,121) -[89,121]-[78,922]-> (:1) RETURN count(n1);:year_2001
MATCH (n2:composer)-[:COMPOSED]->(n1:documentary)-[:RELEASED_IN]->(:year_1965), (n2:soundtrack)-[:COMPOSED]->(n3:drama), (n2:composer)-[:COMPOSED]->(n4:documentary) RETURN count(n1);MATCH (n2:248,066) -[1,413,197]-[152,376]-> (n1:618,520) -[618,520]-[18,807]-> (:1), (n2:99,799) -[628,532]-[531,594]-> (n3:1,984,332), (n2:248,066) -[1,413,197]-[152,376]-> (n4:618,520) RETURN count(n1);:year_1965
MATCH (n1:music_department)-[:COMPOSED]->(n3:action), (n1:music_department)-[:COMPOSED]->(n2:action)-[:RELEASED_IN]->(:year_1977), (n1:music_department)-[:COMPOSED]->(n4:crime) RETURN count(n1);MATCH (n1:76,607) -[955,171]-[115,827]-> (n3:293,467), (n1:76,607) -[955,171]-[115,827]-> (n2:293,467) -[293,467]-[22,499]-> (:1), (n1:76,607) -[955,171]-[109,847]-> (n4:312,629) RETURN count(n1);:year_1977
MATCH (n2:actor)-[:ACTED_IN]->(n1:thriller)-[:HAS_CATEGORY]->(:tvMovie), (n2:actor)-[:ACTED_IN]->(n3:drama) RETURN count(n1);MATCH (n2:1,263,984) -[11,460,681]-[472,757]-> (n1:124,666) -[124,666]-[116,975]-> (:1), (n2:1,263,984) -[11,460,681]-[8,160,487]-> (n3:1,984,332) RETURN count(n1);:tvMovie
MATCH (n4:composer)-[:COMPOSED]->(n3:mystery)-[:HAS_CATEGORY]->(:movie), (n4:composer)-[:COMPOSED]->(n2:comedy), (n4:music_department)-[:COMPOSED]->(n1:drama) RETURN count(n1);MATCH (n4:248,066) -[1,413,197]-[55,619]-> (n3:149,470) -[149,470]-[492,210]-> (:1), (n4:248,066) -[1,413,197]-[334,011]-> (n2:1,479,294), (n4:76,607) -[955,171]-[531,594]-> (n1:1,984,332) RETURN count(n1);:movie
MATCH (n3:actress)-[:ACTED_IN]->(n1:comedy), (n3:producer)-[:ACTED_IN]->(n4:thriller), (n3:soundtrack)-[:ACTED_IN]->(n2:fantasy)-[:HAS_CATEGORY]->(:movie) RETURN count(n1);MATCH (n3:767,812) -[8,169,427]-[5,776,115]-> (n1:1,479,294), (n3:613,186) -[3,852,407]-[472,757]-> (n4:124,666), (n3:99,799) -[3,260,775]-[559,487]-> (n2:155,302) -[155,302]-[492,210]-> (:1) RETURN count(n1);:movie
MATCH (n2:actress)-[:ACTED_IN]->(n4:animation), (n2:actress)-[:ACTED_IN]->(n1:animation), (n2:actress)-[:ACTED_IN]->(n3:sci_fi) , (n2:actress)-[:BORN_IN]->(:year_1952) RETURN count(n1);MATCH (n2:767,812) -[8,169,427]-[1,017,184]-> (n4:330,135), (n2:767,812) -[8,169,427]-[1,017,184]-> (n1:330,135), (n2:767,812) -[8,169,427]-[325,339]-> (n3:89,121) , (n2:767,812) -[767,812]-[3,470]-> (:1) RETURN count(n1);:year_1952
MATCH (n1:producer)-[:ACTED_IN]->(n4:documentary), (n1:writer)-[:ACTED_IN]->(n2:music), (n1:producer)-[:ACTED_IN]->(n3:documentary) , (n1:producer)-[:DIED_IN]->(:year_0) RETURN count(n1);MATCH (n1:613,186) -[3,852,407]-[827,125]-> (n4:618,520), (n1:683,795) -[3,960,419]-[1,199,835]-> (n2:356,267), (n1:613,186) -[3,852,407]-[827,125]-> (n3:618,520) , (n1:613,186) -[613,186]-[3,453,973]-> (:1) RETURN count(n1);:year_0
MATCH (n2:actor)-[:ACTED_IN]->(n3:drama), (n2:actor)-[:ACTED_IN]->(n1:game_show) , (n2:actor)-[:DIED_IN]->(:year_2009), (n2:actor)-[:BORN_IN]->(:year_1923) RETURN count(n1);MATCH (n2:1,263,984) -[11,460,681]-[8,160,487]-> (n3:1,984,332), (n2:1,263,984) -[11,460,681]-[763,616]-> (n1:225,632) , (n2:1,263,984) -[1,263,984]-[2,711]-> (:1), (n2:1,263,984) -[1,263,984]-[2,688]-> (:1) RETURN count(n1);:year_2009
MATCH (n1:actress)-[:ACTED_IN]->(n3:drama), (n1:actress)-[:ACTED_IN]->(n2:drama)-[:RELEASED_IN]->(:year_1987) , (n1:actress)-[:BORN_IN]->(:year_1957) RETURN count(n1);MATCH (n1:767,812) -[8,169,427]-[8,160,487]-> (n3:1,984,332), (n1:767,812) -[8,169,427]-[8,160,487]-> (n2:1,984,332) -[1,984,332]-[31,942]-> (:1) , (n1:767,812) -[767,812]-[3,677]-> (:1) RETURN count(n1);:year_1987
MATCH (n4:music_department)-[:COMPOSED]->(n2:documentary), (n4:soundtrack)-[:COMPOSED]->(n1:documentary), (n4:soundtrack)-[:COMPOSED]->(n3:sport)-[:RELEASED_IN]->(:year_1950) , (n4:music_department)-[:BORN_IN]->(:year_1911) RETURN count(n1);MATCH (n4:76,607) -[955,171]-[152,376]-> (n2:618,520), (n4:99,799) -[628,532]-[152,376]-> (n1:618,520), (n4:99,799) -[628,532]-[16,167]-> (n3:137,057) -[137,057]-[5,763]-> (:1) , (n4:76,607) -[76,607]-[1,754]-> (:1) RETURN count(n1);:year_1950
MATCH (n3:producer)-[:DIRECTED]->(n1:animation), (n3:director)-[:DIRECTED]->(n2:animation)-[:HAS_CATEGORY]->(:short) , (n3:producer)-[:BORN_IN]->(:year_1905) RETURN count(n1);MATCH (n3:613,186) -[1,743,713]-[304,392]-> (n1:330,135), (n3:560,717) -[4,398,352]-[304,392]-> (n2:330,135) -[330,135]-[639,766]-> (:1) , (n3:613,186) -[613,186]-[1,540]-> (:1) RETURN count(n1);:short
MATCH (n1:producer)-[:ACTED_IN]->(n4:adult), (n1:director)-[:PRODUCED]->(n3:adult)-[:HAS_CATEGORY]->(:video), (n1:actor)-[:ACTED_IN]->(n2:adult)-[:HAS_CATEGORY]->(:video) RETURN count(n1);MATCH (n1:613,186) -[3,852,407]-[783,767]-> (n4:222,819), (n1:560,717) -[562,157]-[11,023]-> (n3:222,819) -[222,819]-[265,757]-> (:1), (n1:1,263,984) -[11,460,681]-[783,767]-> (n2:222,819) -[222,819]-[265,757]-> (:1) RETURN count(n1);:video
MATCH (n1:actress)-[:PRODUCED]->(n3:romance), (n1:soundtrack)-[:ACTED_IN]->(n4:thriller)-[:HAS_CATEGORY]->(:tvMovie), (n1:soundtrack)-[:ACTED_IN]->(n2:drama)-[:HAS_CATEGORY]->(:movie) RETURN count(n1);MATCH (n1:767,812) -[109,240]-[284,671]-> (n3:644,609), (n1:99,799) -[3,260,775]-[472,757]-> (n4:124,666) -[124,666]-[116,975]-> (:1), (n1:99,799) -[3,260,775]-[8,160,487]-> (n2:1,984,332) -[1,984,332]-[492,210]-> (:1) RETURN count(n1);:tvMovie
MATCH (n2:director)-[:ACTED_IN]->(n1:adventure), (n2:director)-[:ACTED_IN]->(n3:romance)-[:HAS_CATEGORY]->(:movie) , (n2:director)-[:DIED_IN]->(:year_1972) RETURN count(n1);MATCH (n2:560,717) -[2,315,792]-[1,056,053]-> (n1:273,401), (n2:560,717) -[2,315,792]-[2,907,409]-> (n3:644,609) -[644,609]-[492,210]-> (:1) , (n2:560,717) -[560,717]-[1,075]-> (:1) RETURN count(n1);:movie
MATCH (n3:music_department)-[:COMPOSED]->(n1:romance)-[:HAS_CATEGORY]->(:movie), (n3:music_department)-[:COMPOSED]->(n2:documentary) , (n3:music_department)-[:DIED_IN]->(:year_2005) RETURN count(n1);MATCH (n3:76,607) -[955,171]-[127,344]-> (n1:644,609) -[644,609]-[492,210]-> (:1), (n3:76,607) -[955,171]-[152,376]-> (n2:618,520) , (n3:76,607) -[76,607]-[2,348]-> (:1) RETURN count(n1);:movie
"MATCH (n2:actor)-[:ACTED_IN]->(n1:sport), (n2:actor)-[:ACTED_IN]->(n3:sport), (n2:stunts)-[:ACTED_IN]->(n4:sport)-[:HAS_CATEGORY]->(:tvSpecial) WHERE (n2.name=""Sam Anoai"") RETURN count(n1)";"MATCH (n2:1,263,984) -[11,460,681]-[371,509]-> (n1:137,057), (n2:1,263,984) -[11,460,681]-[371,509]-> (n3:137,057), (n2:21,182) -[172,580]-[371,509]-> (n4:137,057) -[137,057]-[26,082]-> (:1) WHERE (n2.name=""Sam Anoai"") RETURN count(n1)";:tvSpecial
"MATCH (n2:composer)-[:ACTED_IN]->(n4:music), (n2:soundtrack)-[:ACTED_IN]->(n3:documentary), (n2:composer)-[:ACTED_IN]->(n1:music)-[:HAS_CATEGORY]->(:video) WHERE (n2.name=""Bob Geldof"") RETURN count(n1)";"MATCH (n2:248,066) -[477,897]-[1,199,835]-> (n4:356,267), (n2:99,799) -[3,260,775]-[827,125]-> (n3:618,520), (n2:248,066) -[477,897]-[1,199,835]-> (n1:356,267) -[356,267]-[265,757]-> (:1) WHERE (n2.name=""Bob Geldof"") RETURN count(n1)";:video
MATCH (n1:actor)-[:ACTED_IN]->(n2:documentary)-[:RELEASED_IN]->(:year_2007), (n1:actor)-[:ACTED_IN]->(n3:adventure)-[:HAS_CATEGORY]->(:movie) RETURN count(n1);MATCH (n1:1,263,984) -[11,460,681]-[827,125]-> (n2:618,520) -[618,520]-[154,677]-> (:1), (n1:1,263,984) -[11,460,681]-[1,056,053]-> (n3:273,401) -[273,401]-[492,210]-> (:1) RETURN count(n1);:year_2007
MATCH (n1:actor)-[:ACTED_IN]->(n3:comedy)-[:HAS_CATEGORY]->(:tvSeries), (n1:actor)-[:ACTED_IN]->(n2:comedy) , (n3:comedy)-[:RELEASED_IN]->(:year_1957) RETURN count(n1);MATCH (n1:1,263,984) -[11,460,681]-[5,776,115]-> (n3:1,479,294) -[1,479,294]-[162,227]-> (:1), (n1:1,263,984) -[11,460,681]-[5,776,115]-> (n2:1,479,294) , (n3:1,479,294) -[1,479,294]-[12,315]-> (:1) RETURN count(n1);:tvSeries
MATCH (n2:director)-[:ACTED_IN]->(n3:drama)-[:RELEASED_IN]->(:year_1990), (n2:actor)-[:ACTED_IN]->(n1:war)-[:HAS_CATEGORY]->(:tvMovie) RETURN count(n1);MATCH (n2:560,717) -[2,315,792]-[8,160,487]-> (n3:1,984,332) -[1,984,332]-[36,334]-> (:1), (n2:1,263,984) -[11,460,681]-[95,675]-> (n1:26,911) -[26,911]-[116,975]-> (:1) RETURN count(n1);:year_1990
MATCH (n2:actor)-[:ACTED_IN]->(n1:documentary), (n3:writer)-[:ACTED_IN]->(n1:documentary), (n3:actor)-[:ACTED_IN]->(n4:comedy)-[:RELEASED_IN]->(:year_2007) , (n4:comedy)-[:HAS_CATEGORY]->(:tvSpecial) RETURN count(n1);MATCH (n2:1,263,984) -[11,460,681]-[827,125]-> (n1:618,520), (n3:683,795) -[3,960,419]-[827,125]-> (n1:618,520), (n3:1,263,984) -[11,460,681]-[5,776,115]-> (n4:1,479,294) -[1,479,294]-[154,677]-> (:1) , (n4:1,479,294) -[1,479,294]-[26,082]-> (:1) RETURN count(n1);:year_2007
MATCH (n3:writer)-[:ACTED_IN]->(n4:adventure), (n3:writer)-[:ACTED_IN]->(n2:talk_show)-[:HAS_CATEGORY]->(:tvSeries), (n3:actor)-[:ACTED_IN]->(n1:documentary)-[:RELEASED_IN]->(:year_2016) RETURN count(n1);MATCH (n3:683,795) -[3,960,419]-[1,056,053]-> (n4:273,401), (n3:683,795) -[3,960,419]-[1,979,368]-> (n2:773,293) -[773,293]-[162,227]-> (:1), (n3:1,263,984) -[11,460,681]-[827,125]-> (n1:618,520) -[618,520]-[315,054]-> (:1) RETURN count(n1);:tvSeries
MATCH (n2:cinematographer)-[:CINEMATOGRAPHER_OF]->(n1:news), (n2:producer)-[:CINEMATOGRAPHER_OF]->(n3:documentary)-[:RELEASED_IN]->(:year_1899) , (n2:cinematographer)-[:DIED_IN]->(:year_1933) RETURN count(n1);MATCH (n2:284,302) -[1,367,616]-[13,630]-> (n1:408,975), (n2:613,186) -[179,006]-[232,968]-> (n3:618,520) -[618,520]-[1,011]-> (:1) , (n2:284,302) -[284,302]-[314]-> (:1) RETURN count(n1);:year_1899
MATCH (n3:producer)-[:PRODUCED]->(n2:sport), (n3:writer)-[:PRODUCED]->(n4:drama)-[:RELEASED_IN]->(:year_2008), (n3:producer)-[:WROTE]->(n1:drama) , (n3:producer)-[:DIED_IN]->(:year_0) RETURN count(n1);MATCH (n3:613,186) -[2,464,941]-[40,037]-> (n2:137,057), (n3:683,795) -[607,136]-[996,207]-> (n4:1,984,332) -[1,984,332]-[166,310]-> (:1), (n3:613,186) -[2,014,325]-[2,854,122]-> (n1:1,984,332) , (n3:613,186) -[613,186]-[3,453,973]-> (:1) RETURN count(n1);:year_2008
MATCH (n3:writer)-[:ACTED_IN]->(n1:documentary), (n3:actor)-[:ACTED_IN]->(n4:documentary)-[:RELEASED_IN]->(:year_2004), (n3:producer)-[:ACTED_IN]->(n2:thriller) , (n3:writer)-[:DIED_IN]->(:year_0) RETURN count(n1);MATCH (n3:683,795) -[3,960,419]-[827,125]-> (n1:618,520), (n3:1,263,984) -[11,460,681]-[827,125]-> (n4:618,520) -[618,520]-[110,667]-> (:1), (n3:613,186) -[3,852,407]-[472,757]-> (n2:124,666) , (n3:683,795) -[683,795]-[3,453,973]-> (:1) RETURN count(n1);:year_2004
"MATCH (n3:producer)-[:ARCHIVE_FOOTAGE_MAKER_OF]->(n2:documentary)-[:RELEASED_IN]->(:year_2011), (n3:director)-[:ARCHIVE_FOOTAGE_MAKER_OF]->(n1:documentary) WHERE (n3.name=""Bernardo Bertolucci"") RETURN count(n1)";"MATCH (n3:613,186) -[42,086]-[45,518]-> (n2:618,520) -[618,520]-[230,219]-> (:1), (n3:560,717) -[27,118]-[45,518]-> (n1:618,520) WHERE (n3.name=""Bernardo Bertolucci"") RETURN count(n1)";:year_2011
"MATCH (n3:actor)-[:ACTED_IN]->(n2:crime), (n3:director)-[:DIRECTED]->(n1:drama), (n3:actor)-[:ACTED_IN]->(n4:talk_show)-[:RELEASED_IN]->(:year_2009) WHERE (n3.name=""John Sayles"") RETURN count(n1)";"MATCH (n3:1,263,984) -[11,460,681]-[1,264,641]-> (n2:312,629), (n3:560,717) -[4,398,352]-[2,082,743]-> (n1:1,984,332), (n3:1,263,984) -[11,460,681]-[1,979,368]-> (n4:773,293) -[773,293]-[178,162]-> (:1) WHERE (n3.name=""John Sayles"") RETURN count(n1)";:year_2009
"MATCH (n3:music_department)-[:COMPOSED]->(n2:documentary), (n3:music_department)-[:COMPOSED]->(n1:documentary)-[:HAS_CATEGORY]->(:video) , (n3:music_department)-[:BORN_IN]->(:year_1937) WHERE (n3.name=""Philip Glass"") RETURN count(n1)";"MATCH (n3:76,607) -[955,171]-[152,376]-> (n2:618,520), (n3:76,607) -[955,171]-[152,376]-> (n1:618,520) -[618,520]-[265,757]-> (:1) , (n3:76,607) -[76,607]-[3,043]-> (:1) WHERE (n3.name=""Philip Glass"") RETURN count(n1)";:video
"MATCH (n2:director)-[:ACTED_IN]->(n3:comedy), (n2:actor)-[:WROTE]->(n1:comedy)-[:HAS_CATEGORY]->(:movie) , (n2:director)-[:BORN_IN]->(:year_1893) WHERE (n2.name=""John McDermott"") RETURN count(n1)";"MATCH (n2:560,717) -[2,315,792]-[5,776,115]-> (n3:1,479,294), (n2:1,263,984) -[878,695]-[1,668,482]-> (n1:1,479,294) -[1,479,294]-[492,210]-> (:1) , (n2:560,717) -[560,717]-[1,105]-> (:1) WHERE (n2.name=""John McDermott"") RETURN count(n1)";:movie
"MATCH (n3:script_department)-[:EDITED]->(n1:drama), (n3:miscellaneous)-[:EDITED]->(n4:drama), (n3:editor)-[:EDITED]->(n2:comedy)-[:HAS_CATEGORY]->(:movie) , (n3:script_department)-[:BORN_IN]->(:year_0) WHERE (n3.name=""Jorge Busto"") RETURN count(n1)";"MATCH (n3:21,987) -[11,327]-[390,703]-> (n1:1,984,332), (n3:228,889) -[117,573]-[390,703]-> (n4:1,984,332), (n3:257,000) -[1,326,183]-[274,400]-> (n2:1,479,294) -[1,479,294]-[492,210]-> (:1) , (n3:21,987) -[21,987]-[3,209,521]-> (:1) WHERE (n3.name=""Jorge Busto"") RETURN count(n1)";:movie
"MATCH (n4:camera_department)-[:CINEMATOGRAPHER_OF]->(n1:family), (n4:director)-[:CINEMATOGRAPHER_OF]->(n2:comedy), (n4:camera_department)-[:CINEMATOGRAPHER_OF]->(n3:war)-[:RELEASED_IN]->(:year_1997) , (n4:camera_department)-[:BORN_IN]->(:year_0) WHERE (n4.name=""Guy Gonçalves"") RETURN count(n1)";"MATCH (n4:186,421) -[910,837]-[94,191]-> (n1:489,281), (n4:560,717) -[267,819]-[312,480]-> (n2:1,479,294), (n4:186,421) -[910,837]-[12,134]-> (n3:26,911) -[26,911]-[57,892]-> (:1) , (n4:186,421) -[186,421]-[3,209,521]-> (:1) WHERE (n4.name=""Guy Gonçalves"") RETURN count(n1)";:year_1997
"MATCH (n1:actress)-[:ARCHIVE_FOOTAGE_MAKER_OF]->(n2:adult), (n1:miscellaneous)-[:ACTED_IN]->(n3:adult), (n1:actress)-[:ACTED_IN]->(n4:adult)-[:RELEASED_IN]->(:year_1995) , (n1:actress)-[:BORN_IN]->(:year_1966) WHERE (n1.name=""Christy Canyon"") RETURN count(n1)";"MATCH (n1:767,812) -[60,446]-[43,237]-> (n2:222,819), (n1:228,889) -[1,338,470]-[783,767]-> (n3:222,819), (n1:767,812) -[8,169,427]-[783,767]-> (n4:222,819) -[222,819]-[52,210]-> (:1) , (n1:767,812) -[767,812]-[4,463]-> (:1) WHERE (n1.name=""Christy Canyon"") RETURN count(n1)";:year_1995
MATCH (n3:soundtrack)-[:ACTED_IN]->(n2:drama)-[:HAS_CATEGORY]->(:movie), (n3:soundtrack)-[:ACTED_IN]->(n1:comedy)-[:HAS_CATEGORY]->(:movie) , (n3:soundtrack)-[:DIED_IN]->(:year_1976) RETURN count(n1);MATCH (n3:99,799) -[3,260,775]-[8,160,487]-> (n2:1,984,332) -[1,984,332]-[492,210]-> (:1), (n3:99,799) -[3,260,775]-[5,776,115]-> (n1:1,479,294) -[1,479,294]-[492,210]-> (:1) , (n3:99,799) -[99,799]-[1,152]-> (:1) RETURN count(n1);:movie
"MATCH (n2:soundtrack)-[:ACTED_IN]->(n3:documentary)-[:HAS_CATEGORY]->(:video), (n2:producer)-[:ACTED_IN]->(n1:drama)-[:HAS_CATEGORY]->(:movie) WHERE (n2.name=""Kevin Costner"") RETURN count(n1)";"MATCH (n2:99,799) -[3,260,775]-[827,125]-> (n3:618,520) -[618,520]-[265,757]-> (:1), (n2:613,186) -[3,852,407]-[8,160,487]-> (n1:1,984,332) -[1,984,332]-[492,210]-> (:1) WHERE (n2.name=""Kevin Costner"") RETURN count(n1)";:video
"MATCH (n2:visual_effects)-[:ACTED_IN]->(n1:comedy)-[:HAS_CATEGORY]->(:short), (n2:visual_effects)-[:ACTED_IN]->(n3:thriller)-[:HAS_CATEGORY]->(:short), (n2:actor)-[:ACTED_IN]->(n4:comedy) WHERE (n2.name=""Steven Allen"") RETURN count(n1)";"MATCH (n2:36,300) -[40,185]-[5,776,115]-> (n1:1,479,294) -[1,479,294]-[639,766]-> (:1), (n2:36,300) -[40,185]-[472,757]-> (n3:124,666) -[124,666]-[639,766]-> (:1), (n2:1,263,984) -[11,460,681]-[5,776,115]-> (n4:1,479,294) WHERE (n2.name=""Steven Allen"") RETURN count(n1)";:short
"MATCH (n3:cinematographer)-[:CINEMATOGRAPHER_OF]->(n1:drama)-[:HAS_CATEGORY]->(:movie), (n3:cinematographer)-[:CINEMATOGRAPHER_OF]->(n4:thriller)-[:HAS_CATEGORY]->(:movie), (n3:camera_department)-[:CINEMATOGRAPHER_OF]->(n2:crime) WHERE (n3.name=""Ellsworth Fredericks"") RETURN count(n1)";"MATCH (n3:284,302) -[1,367,616]-[581,332]-> (n1:1,984,332) -[1,984,332]-[492,210]-> (:1), (n3:284,302) -[1,367,616]-[50,177]-> (n4:124,666) -[124,666]-[492,210]-> (:1), (n3:186,421) -[910,837]-[91,877]-> (n2:312,629) WHERE (n3.name=""Ellsworth Fredericks"") RETURN count(n1)";:movie
MATCH (n3:producer)-[:EDITED]->(n1:documentary)-[:HAS_CATEGORY]->(:movie), (n3:editor)-[:EDITED]->(n2:documentary)-[:HAS_CATEGORY]->(:video) , (n1:documentary)-[:RELEASED_IN]->(:year_2010) RETURN count(n1);MATCH (n3:613,186) -[210,501]-[239,358]-> (n1:618,520) -[618,520]-[492,210]-> (:1), (n3:257,000) -[1,326,183]-[239,358]-> (n2:618,520) -[618,520]-[265,757]-> (:1) , (n1:618,520) -[618,520]-[201,811]-> (:1) RETURN count(n1);:movie
MATCH (n1:actor)-[:ACTED_IN]->(n2:drama)-[:HAS_CATEGORY]->(:movie), (n1:actor)-[:ACTED_IN]->(n3:news)-[:HAS_CATEGORY]->(:video) , (n2:drama)-[:RELEASED_IN]->(:year_1974) RETURN count(n1);MATCH (n1:1,263,984) -[11,460,681]-[8,160,487]-> (n2:1,984,332) -[1,984,332]-[492,210]-> (:1), (n1:1,263,984) -[11,460,681]-[859,718]-> (n3:408,975) -[408,975]-[265,757]-> (:1) , (n2:1,984,332) -[1,984,332]-[23,132]-> (:1) RETURN count(n1);:movie
MATCH (n1:actress)-[:ACTED_IN]->(n3:comedy)-[:RELEASED_IN]->(:year_1976), (n1:actress)-[:ACTED_IN]->(n2:comedy)-[:HAS_CATEGORY]->(:movie), (n1:actress)-[:ACTED_IN]->(n4:comedy) , (n3:comedy)-[:HAS_CATEGORY]->(:movie) RETURN count(n1);MATCH (n1:767,812) -[8,169,427]-[5,776,115]-> (n3:1,479,294) -[1,479,294]-[22,926]-> (:1), (n1:767,812) -[8,169,427]-[5,776,115]-> (n2:1,479,294) -[1,479,294]-[492,210]-> (:1), (n1:767,812) -[8,169,427]-[5,776,115]-> (n4:1,479,294) , (n3:1,479,294) -[1,479,294]-[492,210]-> (:1) RETURN count(n1);:year_1976
MATCH (n3:producer)-[:ACTED_IN]->(n1:drama)-[:HAS_CATEGORY]->(:movie), (n3:director)-[:ACTED_IN]->(n2:drama)-[:RELEASED_IN]->(:year_1988) , (n3:producer)-[:DIED_IN]->(:year_0) RETURN count(n1);MATCH (n3:613,186) -[3,852,407]-[8,160,487]-> (n1:1,984,332) -[1,984,332]-[492,210]-> (:1), (n3:560,717) -[2,315,792]-[8,160,487]-> (n2:1,984,332) -[1,984,332]-[32,144]-> (:1) , (n3:613,186) -[613,186]-[3,453,973]-> (:1) RETURN count(n1);:movie
MATCH (n1:actress)-[:ACTED_IN]->(n3:drama)-[:RELEASED_IN]->(:year_2010), (n1:actress)-[:ACTED_IN]->(n2:mystery)-[:HAS_CATEGORY]->(:movie) , (n1:actress)-[:DIED_IN]->(:year_0) RETURN count(n1);MATCH (n1:767,812) -[8,169,427]-[8,160,487]-> (n3:1,984,332) -[1,984,332]-[201,811]-> (:1), (n1:767,812) -[8,169,427]-[589,673]-> (n2:149,470) -[149,470]-[492,210]-> (:1) , (n1:767,812) -[767,812]-[3,453,973]-> (:1) RETURN count(n1);:year_2010
"MATCH (n3:actor)-[:DIRECTED]->(n2:drama)-[:RELEASED_IN]->(:year_1973), (n3:actor)-[:DIRECTED]->(n1:drama) , (n2:drama)-[:HAS_CATEGORY]->(:movie) WHERE (n3.name=""Hasan El-Emam"") RETURN count(n1)";"MATCH (n3:1,263,984) -[749,294]-[2,082,743]-> (n2:1,984,332) -[1,984,332]-[23,934]-> (:1), (n3:1,263,984) -[749,294]-[2,082,743]-> (n1:1,984,332) , (n2:1,984,332) -[1,984,332]-[492,210]-> (:1) WHERE (n3.name=""Hasan El-Emam"") RETURN count(n1)";:year_1973
MATCH (n1:actress)-[:ACTED_IN]->(n2:drama)-[:RELEASED_IN]->(:year_1958), (n1:actress)-[:ACTED_IN]->(n3:drama)-[:HAS_CATEGORY]->(:tvMovie) , (n3:drama)-[:RELEASED_IN]->(:year_1962) RETURN count(n1);MATCH (n1:767,812) -[8,169,427]-[8,160,487]-> (n2:1,984,332) -[1,984,332]-[13,055]-> (:1), (n1:767,812) -[8,169,427]-[8,160,487]-> (n3:1,984,332) -[1,984,332]-[116,975]-> (:1) , (n3:1,984,332) -[1,984,332]-[13,589]-> (:1) RETURN count(n1);:year_1958
MATCH (n4:actor)-[:ACTED_IN]->(n2:drama)-[:RELEASED_IN]->(:year_1935), (n4:soundtrack)-[:WROTE]->(n3:drama)-[:HAS_CATEGORY]->(:short), (n4:director)-[:DIRECTED]->(n1:drama)-[:RELEASED_IN]->(:year_1913) RETURN count(n1);MATCH (n4:1,263,984) -[11,460,681]-[8,160,487]-> (n2:1,984,332) -[1,984,332]-[2,304]-> (:1), (n4:99,799) -[142,990]-[2,854,122]-> (n3:1,984,332) -[1,984,332]-[639,766]-> (:1), (n4:560,717) -[4,398,352]-[2,082,743]-> (n1:1,984,332) -[1,984,332]-[6,658]-> (:1) RETURN count(n1);:year_1935
MATCH (n1:actor)-[:ACTED_IN]->(n2:drama), (n1:actor)-[:ACTED_IN]->(n4:documentary)-[:RELEASED_IN]->(:year_2005), (n1:actor)-[:ACTED_IN]->(n3:documentary)-[:RELEASED_IN]->(:year_2016) , (n1:actor)-[:DIED_IN]->(:year_0) RETURN count(n1);MATCH (n1:1,263,984) -[11,460,681]-[8,160,487]-> (n2:1,984,332), (n1:1,263,984) -[11,460,681]-[827,125]-> (n4:618,520) -[618,520]-[124,040]-> (:1), (n1:1,263,984) -[11,460,681]-[827,125]-> (n3:618,520) -[618,520]-[315,054]-> (:1) , (n1:1,263,984) -[1,263,984]-[3,453,973]-> (:1) RETURN count(n1);:year_2005
MATCH (n4:director)-[:DIRECTED]->(n3:adult), (n4:cinematographer)-[:DIRECTED]->(n1:adult)-[:RELEASED_IN]->(:year_2005), (n4:writer)-[:CINEMATOGRAPHER_OF]->(n2:adult)-[:RELEASED_IN]->(:year_2002) , (n4:director)-[:DIED_IN]->(:year_0) RETURN count(n1);MATCH (n4:560,717) -[4,398,352]-[73,531]-> (n3:222,819), (n4:284,302) -[352,706]-[73,531]-> (n1:222,819) -[222,819]-[124,040]-> (:1), (n4:683,795) -[78,420]-[9,538]-> (n2:222,819) -[222,819]-[82,362]-> (:1) , (n4:560,717) -[560,717]-[3,453,973]-> (:1) RETURN count(n1);:year_2005
MATCH (n2:producer)-[:ACTED_IN]->(n3:romance)-[:RELEASED_IN]->(:year_1999), (n2:miscellaneous)-[:ACTED_IN]->(n1:comedy)-[:RELEASED_IN]->(:year_2019), (n2:actor)-[:ACTED_IN]->(n4:comedy)-[:RELEASED_IN]->(:year_2008) RETURN count(n1);MATCH (n2:613,186) -[3,852,407]-[2,907,409]-> (n3:644,609) -[644,609]-[68,290]-> (:1), (n2:228,889) -[1,338,470]-[5,776,115]-> (n1:1,479,294) -[1,479,294]-[293,391]-> (:1), (n2:1,263,984) -[11,460,681]-[5,776,115]-> (n4:1,479,294) -[1,479,294]-[166,310]-> (:1) RETURN count(n1);:year_1999
"MATCH (n2:soundtrack)-[:ACTED_IN]->(n3:music)-[:RELEASED_IN]->(:year_1983), (n2:soundtrack)-[:ACTED_IN]->(n1:music)-[:RELEASED_IN]->(:year_1996) , (n2:soundtrack)-[:BORN_IN]->(:year_1947) WHERE (n2.name=""Elton John"") RETURN count(n1)";"MATCH (n2:99,799) -[3,260,775]-[1,199,835]-> (n3:356,267) -[356,267]-[25,930]-> (:1), (n2:99,799) -[3,260,775]-[1,199,835]-> (n1:356,267) -[356,267]-[54,464]-> (:1) , (n2:99,799) -[99,799]-[4,050]-> (:1) WHERE (n2.name=""Elton John"") RETURN count(n1)";:year_1983
"MATCH (n1:actress)-[:ACTED_IN]->(n2:adult)-[:RELEASED_IN]->(:year_1993), (n1:actress)-[:ACTED_IN]->(n3:adult)-[:RELEASED_IN]->(:year_1990) , (n1:actress)-[:BORN_IN]->(:year_1968) WHERE (n1.name=""Kim Angeli"") RETURN count(n1)";"MATCH (n1:767,812) -[8,169,427]-[783,767]-> (n2:222,819) -[222,819]-[41,693]-> (:1), (n1:767,812) -[8,169,427]-[783,767]-> (n3:222,819) -[222,819]-[36,334]-> (:1) , (n1:767,812) -[767,812]-[4,830]-> (:1) WHERE (n1.name=""Kim Angeli"") RETURN count(n1)";:year_1993
"MATCH (n3:writer)-[:WROTE]->(n2:animation)-[:RELEASED_IN]->(:year_1978), (n3:writer)-[:WROTE]->(n4:drama)-[:RELEASED_IN]->(:year_1960), (n3:writer)-[:WROTE]->(n1:adventure) , (n3:writer)-[:BORN_IN]->(:year_0) WHERE (n3.name=""Aleksandr Antokolsky"") RETURN count(n1)";"MATCH (n3:683,795) -[5,319,043]-[395,706]-> (n2:330,135) -[330,135]-[22,332]-> (:1), (n3:683,795) -[5,319,043]-[2,854,122]-> (n4:1,984,332) -[1,984,332]-[14,415]-> (:1), (n3:683,795) -[5,319,043]-[398,140]-> (n1:273,401) , (n3:683,795) -[683,795]-[3,209,521]-> (:1) WHERE (n3.name=""Aleksandr Antokolsky"") RETURN count(n1)";:year_1978
MATCH (n3:actor)-[:ACTED_IN]->(n2:drama)-[:RELEASED_IN]->(:year_1980), (n3:actor)-[:ACTED_IN]->(n1:drama)-[:RELEASED_IN]->(:year_1992) , (n2:drama)-[:HAS_CATEGORY]->(:movie), (n3:actor)-[:BORN_IN]->(:year_1937) RETURN count(n1);MATCH (n3:1,263,984) -[11,460,681]-[8,160,487]-> (n2:1,984,332) -[1,984,332]-[24,492]-> (:1), (n3:1,263,984) -[11,460,681]-[8,160,487]-> (n1:1,984,332) -[1,984,332]-[39,291]-> (:1) , (n2:1,984,332) -[1,984,332]-[492,210]-> (:1), (n3:1,263,984) -[1,263,984]-[3,043]-> (:1) RETURN count(n1);:year_1980
MATCH (n1:actor)-[:ACTED_IN]->(n2:romance), (n1:actor)-[:ACTED_IN]->(n4:war)-[:RELEASED_IN]->(:year_1929), (n1:actor)-[:ACTED_IN]->(n3:comedy)-[:HAS_CATEGORY]->(:movie) , (n3:comedy)-[:RELEASED_IN]->(:year_1927), (n1:actor)-[:BORN_IN]->(:year_1895) RETURN count(n1);MATCH (n1:1,263,984) -[11,460,681]-[2,907,409]-> (n2:644,609), (n1:1,263,984) -[11,460,681]-[95,675]-> (n4:26,911) -[26,911]-[2,800]-> (:1), (n1:1,263,984) -[11,460,681]-[5,776,115]-> (n3:1,479,294) -[1,479,294]-[492,210]-> (:1) , (n3:1,479,294) -[1,479,294]-[2,671]-> (:1), (n1:1,263,984) -[1,263,984]-[1,104]-> (:1) RETURN count(n1);:year_1929
"MATCH (n2:actor)-[:DIRECTED]->(n1:biography)-[:HAS_CATEGORY]->(:movie), (n2:actor)-[:DIRECTED]->(n3:romance)-[:RELEASED_IN]->(:year_1936) , (n2:actor)-[:BORN_IN]->(:year_1904) WHERE (n2.name=""Goffredo Alessandrini"") RETURN count(n1)";"MATCH (n2:1,263,984) -[749,294]-[59,948]-> (n1:76,749) -[76,749]-[492,210]-> (:1), (n2:1,263,984) -[749,294]-[759,546]-> (n3:644,609) -[644,609]-[2,599]-> (:1) , (n2:1,263,984) -[1,263,984]-[1,625]-> (:1) WHERE (n2.name=""Goffredo Alessandrini"") RETURN count(n1)";:movie
MATCH (n3:soundtrack)-[:ACTED_IN]->(n1:drama)-[:HAS_CATEGORY]->(:movie), (n3:soundtrack)-[:ACTED_IN]->(n2:action)-[:RELEASED_IN]->(:year_1948) , (n3:soundtrack)-[:DIED_IN]->(:year_1954), (n3:soundtrack)-[:BORN_IN]->(:year_1878) RETURN count(n1);MATCH (n3:99,799) -[3,260,775]-[8,160,487]-> (n1:1,984,332) -[1,984,332]-[492,210]-> (:1), (n3:99,799) -[3,260,775]-[1,230,882]-> (n2:293,467) -[293,467]-[2,970]-> (:1) , (n3:99,799) -[99,799]-[603]-> (:1), (n3:99,799) -[99,799]-[572]-> (:1) RETURN count(n1);:movie
MATCH (n2:writer)-[:ACTED_IN]->(n1:comedy)-[:RELEASED_IN]->(:year_1975), (n2:director)-[:ACTED_IN]->(n3:comedy), (n2:actor)-[:ACTED_IN]->(n4:sci_fi)-[:HAS_CATEGORY]->(:short) , (n2:writer)-[:BORN_IN]->(:year_1941), (n2:writer)-[:DIED_IN]->(:year_2015) RETURN count(n1);MATCH (n2:683,795) -[3,960,419]-[5,776,115]-> (n1:1,479,294) -[1,479,294]-[23,033]-> (:1), (n2:560,717) -[2,315,792]-[5,776,115]-> (n3:1,479,294), (n2:1,263,984) -[11,460,681]-[325,339]-> (n4:89,121) -[89,121]-[639,766]-> (:1) , (n2:683,795) -[683,795]-[3,263]-> (:1), (n2:683,795) -[683,795]-[3,116]-> (:1) RETURN count(n1);:year_1975
MATCH (n2:soundtrack)-[:ACTED_IN]->(n3:documentary)-[:HAS_CATEGORY]->(:video), (n2:actor)-[:ACTED_IN]->(n1:action)-[:HAS_CATEGORY]->(:video) , (n2:soundtrack)-[:DIED_IN]->(:year_2009), (n2:soundtrack)-[:BORN_IN]->(:year_1933) RETURN count(n1);MATCH (n2:99,799) -[3,260,775]-[827,125]-> (n3:618,520) -[618,520]-[265,757]-> (:1), (n2:1,263,984) -[11,460,681]-[1,230,882]-> (n1:293,467) -[293,467]-[265,757]-> (:1) , (n2:99,799) -[99,799]-[2,711]-> (:1), (n2:99,799) -[99,799]-[2,754]-> (:1) RETURN count(n1);:video
MATCH (n2:director)-[:DIRECTED]->(n1:adult)-[:HAS_CATEGORY]->(:video), (n2:editor)-[:DIRECTED]->(n3:adult)-[:HAS_CATEGORY]->(:video) , (n1:adult)-[:RELEASED_IN]->(:year_1996), (n2:director)-[:BORN_IN]->(:year_0) RETURN count(n1);MATCH (n2:560,717) -[4,398,352]-[73,531]-> (n1:222,819) -[222,819]-[265,757]-> (:1), (n2:257,000) -[449,208]-[73,531]-> (n3:222,819) -[222,819]-[265,757]-> (:1) , (n1:222,819) -[222,819]-[54,464]-> (:1), (n2:560,717) -[560,717]-[3,209,521]-> (:1) RETURN count(n1);:video
MATCH (n3:director)-[:ACTED_IN]->(n2:crime)-[:HAS_CATEGORY]->(:movie), (n3:director)-[:ACTED_IN]->(n4:crime), (n3:director)-[:ACTED_IN]->(n1:documentary)-[:HAS_CATEGORY]->(:tvShort) , (n3:director)-[:BORN_IN]->(:year_1962), (n1:documentary)-[:RELEASED_IN]->(:year_1985) RETURN count(n1);MATCH (n3:560,717) -[2,315,792]-[1,264,641]-> (n2:312,629) -[312,629]-[492,210]-> (:1), (n3:560,717) -[2,315,792]-[1,264,641]-> (n4:312,629), (n3:560,717) -[2,315,792]-[827,125]-> (n1:618,520) -[618,520]-[7,633]-> (:1) , (n3:560,717) -[560,717]-[4,281]-> (:1), (n1:618,520) -[618,520]-[29,538]-> (:1) RETURN count(n1);:movie
"MATCH (n3:producer)-[:ACTED_IN]->(n1:western), (n3:producer)-[:ACTED_IN]->(n2:western)-[:HAS_CATEGORY]->(:short) , (n2:western)-[:RELEASED_IN]->(:year_1910), (n3:producer)-[:DIED_IN]->(:year_1971) WHERE (n3.name=""Gilbert M. 'Broncho Billy' Anderson"") RETURN count(n1)";"MATCH (n3:613,186) -[3,852,407]-[112,634]-> (n1:26,970), (n3:613,186) -[3,852,407]-[112,634]-> (n2:26,970) -[26,970]-[639,766]-> (:1) , (n2:26,970) -[26,970]-[3,112]-> (:1), (n3:613,186) -[613,186]-[1,110]-> (:1) WHERE (n3.name=""Gilbert M. 'Broncho Billy' Anderson"") RETURN count(n1)";:short
"MATCH (n2:producer)-[:PRODUCED]->(n3:music)-[:HAS_CATEGORY]->(:tvSpecial), (n2:editorial_department)-[:DIRECTED]->(n1:documentary) , (n3:music)-[:RELEASED_IN]->(:year_2011), (n2:producer)-[:DIED_IN]->(:year_0) WHERE (n2.name=""Bob Sarles"") RETURN count(n1)";"MATCH (n2:613,186) -[2,464,941]-[97,101]-> (n3:356,267) -[356,267]-[26,082]-> (:1), (n2:63,380) -[76,548]-[435,655]-> (n1:618,520) , (n3:356,267) -[356,267]-[230,219]-> (:1), (n2:613,186) -[613,186]-[3,453,973]-> (:1) WHERE (n2.name=""Bob Sarles"") RETURN count(n1)";:tvSpecial
"MATCH (n3:actor)-[:ACTED_IN]->(n2:comedy)-[:RELEASED_IN]->(:year_2010), (n3:soundtrack)-[:ACTED_IN]->(n4:comedy)-[:HAS_CATEGORY]->(:short), (n3:producer)-[:ACTED_IN]->(n1:family) , (n3:actor)-[:DIED_IN]->(:year_0) WHERE (n3.name=""Neil Patrick Harris"") RETURN count(n1)";"MATCH (n3:1,263,984) -[11,460,681]-[5,776,115]-> (n2:1,479,294) -[1,479,294]-[201,811]-> (:1), (n3:99,799) -[3,260,775]-[5,776,115]-> (n4:1,479,294) -[1,479,294]-[639,766]-> (:1), (n3:613,186) -[3,852,407]-[1,745,818]-> (n1:489,281) , (n3:1,263,984) -[1,263,984]-[3,453,973]-> (:1) WHERE (n3.name=""Neil Patrick Harris"") RETURN count(n1)";:year_2010
MATCH (n2:actor)-[:ACTED_IN]->(n1:action)-[:HAS_CATEGORY]->(:movie), (n2:soundtrack)-[:ACTED_IN]->(n3:action)-[:HAS_CATEGORY]->(:tvMovie) , (n3:action)-[:RELEASED_IN]->(:year_1961), (n1:action)-[:RELEASED_IN]->(:year_1937) RETURN count(n1);MATCH (n2:1,263,984) -[11,460,681]-[1,230,882]-> (n1:293,467) -[293,467]-[492,210]-> (:1), (n2:99,799) -[3,260,775]-[1,230,882]-> (n3:293,467) -[293,467]-[116,975]-> (:1) , (n3:293,467) -[293,467]-[14,725]-> (:1), (n1:293,467) -[293,467]-[2,809]-> (:1) RETURN count(n1);:movie
"MATCH (n4:director)-[:DIRECTED]->(n1:comedy)-[:RELEASED_IN]->(:year_1972), (n4:writer)-[:DIRECTED]->(n2:drama), (n4:writer)-[:DIRECTED]->(n3:drama) , (n4:director)-[:DIED_IN]->(:year_1995), (n4:director)-[:BORN_IN]->(:year_1926) WHERE (n4.name=""Silvio Amadio"") RETURN count(n1)";"MATCH (n4:560,717) -[4,398,352]-[1,126,831]-> (n1:1,479,294) -[1,479,294]-[22,670]-> (:1), (n4:683,795) -[1,853,560]-[2,082,743]-> (n2:1,984,332), (n4:683,795) -[1,853,560]-[2,082,743]-> (n3:1,984,332) , (n4:560,717) -[560,717]-[1,878]-> (:1), (n4:560,717) -[560,717]-[2,940]-> (:1) WHERE (n4.name=""Silvio Amadio"") RETURN count(n1)";:year_1972
MATCH (n3:actor)-[:ACTED_IN]->(n2:music)-[:RELEASED_IN]->(:year_2018), (n3:composer)-[:ACTED_IN]->(n1:documentary)-[:RELEASED_IN]->(:year_2006), (n3:soundtrack)-[:ARCHIVE_FOOTAGE_MAKER_OF]->(n4:music)-[:RELEASED_IN]->(:year_2008) , (n3:actor)-[:DIED_IN]->(:year_0) RETURN count(n1);MATCH (n3:1,263,984) -[11,460,681]-[1,199,835]-> (n2:356,267) -[356,267]-[309,713]-> (:1), (n3:248,066) -[477,897]-[827,125]-> (n1:618,520) -[618,520]-[139,569]-> (:1), (n3:99,799) -[52,102]-[17,184]-> (n4:356,267) -[356,267]-[166,310]-> (:1) , (n3:1,263,984) -[1,263,984]-[3,453,973]-> (:1) RETURN count(n1);:year_2018
"MATCH (n2:director)-[:ACTED_IN]->(n3:documentary)-[:HAS_CATEGORY]->(:tvSeries), (n2:actor)-[:ARCHIVE_FOOTAGE_MAKER_OF]->(n4:adventure)-[:HAS_CATEGORY]->(:movie), (n2:director)-[:ACTED_IN]->(n1:talk_show) , (n2:director)-[:DIED_IN]->(:year_2016) WHERE (n2.name=""Robert Vaughn"") RETURN count(n1)";"MATCH (n2:560,717) -[2,315,792]-[827,125]-> (n3:618,520) -[618,520]-[162,227]-> (:1), (n2:1,263,984) -[88,930]-[3,497]-> (n4:273,401) -[273,401]-[492,210]-> (:1), (n2:560,717) -[2,315,792]-[1,979,368]-> (n1:773,293) , (n2:560,717) -[560,717]-[3,218]-> (:1) WHERE (n2.name=""Robert Vaughn"") RETURN count(n1)";:tvSeries
"MATCH (n3:writer)-[:PRODUCED]->(n1:thriller)-[:HAS_CATEGORY]->(:tvMovie), (n3:production_manager)-[:PRODUCED]->(n4:drama)-[:HAS_CATEGORY]->(:movie), (n3:writer)-[:PRODUCED]->(n2:comedy)-[:RELEASED_IN]->(:year_1999) WHERE (n3.name=""Dieter Ulrich Aselmann"") RETURN count(n1)";"MATCH (n3:683,795) -[607,136]-[79,100]-> (n1:124,666) -[124,666]-[116,975]-> (:1), (n3:51,119) -[338,896]-[996,207]-> (n4:1,984,332) -[1,984,332]-[492,210]-> (:1), (n3:683,795) -[607,136]-[583,231]-> (n2:1,479,294) -[1,479,294]-[68,290]-> (:1) WHERE (n3.name=""Dieter Ulrich Aselmann"") RETURN count(n1)";:tvMovie
"MATCH (n3:writer)-[:ACTED_IN]->(n4:documentary)-[:HAS_CATEGORY]->(:tvMovie), (n3:actor)-[:PRODUCED]->(n1:thriller)-[:HAS_CATEGORY]->(:movie), (n3:writer)-[:ACTED_IN]->(n2:documentary)-[:HAS_CATEGORY]->(:video) WHERE (n3.name=""Ilya Salkind"") RETURN count(n1)";"MATCH (n3:683,795) -[3,960,419]-[827,125]-> (n4:618,520) -[618,520]-[116,975]-> (:1), (n3:1,263,984) -[274,473]-[79,100]-> (n1:124,666) -[124,666]-[492,210]-> (:1), (n3:683,795) -[3,960,419]-[827,125]-> (n2:618,520) -[618,520]-[265,757]-> (:1) WHERE (n3.name=""Ilya Salkind"") RETURN count(n1)";:tvMovie
